invoice_id,exporter_id,importer_country,invoice_amount,invoice_date,due_date,payment_date,status,payment_amount,payment_delay_days,is_delayed,is_defaulted,amt_vs_avg_ratio
INV_0001,EXP_024,USA,106273.05,2025-07-28,2025-09-26,2025-09-29,Paid,106273.05,3,True,False,1.226102181932656
INV_0002,EXP_032,USA,138028.18,2025-04-29,2025-05-29,2025-06-02,Paid,138028.18,4,True,False,1.6432578649551368
INV_0003,EXP_046,Germany,73426.73,2024-01-02,2024-03-02,2024-03-04,Paid,73426.73,2,True,False,1.0378831074358887
INV_0004,EXP_022,UAE,77535.36,2024-05-11,2024-07-10,2024-07-15,Paid,77535.36,5,True,False,1.0178810632183135
INV_0005,EXP_010,UK,97121.17,2023-07-22,2023-10-20,2023-10-25,Paid,97121.17,5,True,False,1.1485241912659143
INV_0006,EXP_026,France,105839.41,2024-02-18,2024-03-19,2024-03-15,Paid,105839.41,-4,False,False,1.372132988071917
INV_0007,EXP_020,Singapore,128137.89,2026-01-18,2026-02-17,2026-02-22,Paid,128137.89,5,True,False,1.573697149751268
INV_0008,EXP_019,UAE,109299.17,2024-12-14,2025-01-28,2025-01-24,Paid,109299.17,-4,False,False,1.5796718970470873
INV_0009,EXP_021,UAE,111532.03,2024-07-05,2024-08-04,2024-08-02,Paid,111532.03,-2,False,False,1.4802158142210498
INV_0010,EXP_011,UAE,73745.64,2023-12-30,2024-03-29,2024-03-31,Paid,73745.64,2,True,False,0.9971828426272663
INV_0011,EXP_017,UK,92246.87,2024-11-12,2025-02-10,2025-04-04,Paid Late,92246.87,53,True,False,1.1017540348011965
INV_0012,EXP_006,Canada,94439.25,2024-08-24,2024-09-23,2024-09-26,Paid,94439.25,3,True,False,1.360651003901105
INV_0013,EXP_006,Germany,120741.83,2025-07-29,2025-09-27,2025-09-25,Paid,120741.83,-2,False,False,1.7396103018856732
INV_0014,EXP_040,USA,101138.82,2024-05-06,2024-06-05,2024-06-08,Paid,101138.82,3,True,False,1.0514437992593482
INV_0015,EXP_015,France,68629.21,2024-08-31,2024-10-15,2024-11-16,Paid Late,68629.21,32,True,False,0.8623098497927897
INV_0016,EXP_041,Germany,132064.19,2024-11-17,2024-12-17,2024-12-12,Paid,132064.19,-5,False,False,1.5839422061953696
INV_0017,EXP_032,Germany,34350.19,2023-12-23,2024-02-06,2024-02-11,Paid,34350.19,5,True,False,0.4089470706648693
INV_0018,EXP_021,UK,13530.48,2023-08-16,2023-09-15,2023-09-15,Paid,13530.48,0,False,False,0.1795720069831207
INV_0019,EXP_023,Singapore,11132.4,2025-11-21,2026-01-20,2026-03-15,Paid Late,11132.4,54,True,False,0.14546936264778026
INV_0020,EXP_033,Germany,40887.3,2025-05-23,2025-06-22,2025-06-27,Paid,40887.3,5,True,False,0.5297114525738599
INV_0021,EXP_033,Germany,113745.98,2024-07-20,2024-09-18,2024-09-27,Paid Late,113745.98,9,True,False,1.4736250202443597
INV_0022,EXP_028,Germany,139592.41,2023-11-03,2024-02-01,2024-02-04,Paid,139592.41,3,True,False,1.4374153123870201
INV_0023,EXP_036,Singapore,63697.15,2024-01-10,2024-04-09,2024-04-12,Paid,63697.15,3,True,False,0.7507503714435882
INV_0024,EXP_030,USA,15641.97,2024-12-17,2025-01-31,,Overdue,0.0,382,True,True,0.19981915195130412
INV_0025,EXP_040,USA,13302.85,2025-04-06,2025-05-21,2025-05-20,Paid,13302.85,-1,False,False,0.13829703713151112
INV_0026,EXP_005,Germany,117828.85,2023-03-08,2023-04-07,2023-04-04,Paid,117828.85,-3,False,False,1.6068752238232793
INV_0027,EXP_035,UAE,105965.68,2024-06-19,2024-08-03,2024-08-01,Paid,105965.68,-2,False,False,1.1434568933719456
INV_0028,EXP_037,Germany,55551.39,2026-01-12,2026-04-12,2026-05-17,Paid Late,55551.39,35,True,False,0.7459321819043383
INV_0029,EXP_005,UAE,96543.39,2024-03-30,2024-06-28,2024-08-24,Paid Late,96543.39,57,True,False,1.3165976024964017
INV_0030,EXP_043,Germany,18193.73,2024-08-26,2024-11-24,2024-11-25,Paid,18193.73,1,True,False,0.20606683282396615
INV_0031,EXP_037,USA,6153.16,2025-08-18,2025-10-02,2025-10-02,Paid,6153.16,0,False,False,0.08262331625556982
INV_0032,EXP_023,UAE,106896.01,2023-08-26,2023-11-24,2023-11-27,Paid,106896.01,3,True,False,1.3968321695493107
INV_0033,EXP_022,Canada,11587.11,2025-05-11,2025-06-25,2025-06-21,Paid,11587.11,-4,False,False,0.15211511040159684
INV_0034,EXP_010,USA,58930.52,2026-01-11,2026-02-25,2026-03-02,Paid,58930.52,5,True,False,0.6968936620499917
INV_0035,EXP_039,Canada,27196.97,2025-11-09,2025-12-24,2025-12-28,Paid,27196.97,4,True,False,0.3712755387448199
INV_0036,EXP_034,USA,39830.92,2025-01-15,2025-02-14,2025-04-15,Paid Late,39830.92,60,True,False,0.5150278039363213
INV_0037,EXP_002,USA,89347.62,2025-08-26,2025-11-24,2026-01-21,Paid Late,89347.62,58,True,False,1.0723963563688121
INV_0038,EXP_013,Singapore,9478.97,2023-07-10,2023-08-09,2023-08-05,Paid,9478.97,-4,False,False,0.13885694668458784
INV_0039,EXP_012,Canada,43084.33,2025-09-27,2025-10-27,2025-10-29,Paid,43084.33,2,True,False,0.4592938798665484
INV_0040,EXP_045,UK,35021.36,2023-05-31,2023-06-30,2023-08-25,Paid Late,35021.36,56,True,False,0.6288000485017866
INV_0041,EXP_026,Germany,83056.38,2025-08-23,2025-11-21,2025-11-18,Paid,83056.38,-3,False,False,1.0767671405938166
INV_0042,EXP_017,Canada,53485.09,2023-05-13,2023-07-12,2023-07-10,Paid,53485.09,-2,False,False,0.6388012266346286
INV_0043,EXP_042,UK,35408.85,2024-01-14,2024-02-28,2024-02-27,Paid,35408.85,-1,False,False,0.470659044817421
INV_0044,EXP_012,Canada,130725.32,2026-01-09,2026-03-10,2026-04-01,Paid Late,130725.32,22,True,False,1.3935771873346088
INV_0045,EXP_009,USA,90852.39,2023-12-05,2024-01-04,2023-12-31,Paid,90852.39,-4,False,False,1.050605645455585
INV_0046,EXP_034,Singapore,137921.9,2024-12-17,2025-02-15,2025-02-17,Paid,137921.9,2,True,False,1.7833786734457782
INV_0047,EXP_038,France,79897.81,2025-12-10,2026-01-09,2026-03-10,Paid Late,79897.81,60,True,False,0.9718018070685935
INV_0048,EXP_036,UAE,128119.19,2023-04-02,2023-05-02,,Overdue,0.0,1022,True,True,1.5100444757976088
INV_0049,EXP_035,Singapore,98811.66,2025-04-12,2025-05-12,2025-05-15,Paid,98811.66,3,True,False,1.0662591300553628
INV_0050,EXP_004,France,93721.31,2025-10-03,2026-01-01,2025-12-27,Paid,93721.31,-5,False,False,1.1615574982869672
INV_0051,EXP_049,USA,44789.71,2024-03-12,2024-04-26,2024-04-23,Paid,44789.71,-3,False,False,0.7611113779455797
INV_0052,EXP_024,Canada,35613.65,2023-07-09,2023-08-23,2023-08-21,Paid,35613.65,-2,False,False,0.41088473485597654
INV_0053,EXP_034,France,94754.56,2024-06-14,2024-09-12,2024-09-13,Paid,94754.56,1,True,False,1.2252097855071487
INV_0054,EXP_027,UK,79060.83,2024-11-23,2025-01-22,2025-03-16,Paid Late,79060.83,53,True,False,0.8965667288741888
INV_0055,EXP_039,UK,67041.64,2025-02-04,2025-05-05,2025-06-19,Paid Late,67041.64,45,True,False,0.9152093416779982
INV_0056,EXP_029,USA,8935.98,2024-03-07,2024-05-06,2024-05-08,Paid,8935.98,2,True,False,0.12217304441342816
INV_0057,EXP_037,UK,16264.06,2023-06-03,2023-07-03,2023-06-29,Paid,16264.06,-4,False,False,0.21839031862970618
INV_0058,EXP_012,France,61278.82,2025-08-27,2025-09-26,2025-09-24,Paid,61278.82,-2,False,False,0.6532534448474386
INV_0059,EXP_033,Singapore,134432.22,2024-09-19,2024-10-19,2024-12-08,Paid Late,134432.22,50,True,False,1.741623597765778
INV_0060,EXP_008,USA,93379.27,2024-02-15,2024-05-15,2024-05-19,Paid,93379.27,4,True,False,1.274929175546864
INV_0061,EXP_010,UK,131152.43,2025-03-11,2025-04-25,2025-04-24,Paid,131152.43,-1,False,False,1.550967091915279
INV_0062,EXP_004,Singapore,94340.21,2023-07-30,2023-09-28,2023-09-29,Paid,94340.21,1,True,False,1.1692279836407231
INV_0063,EXP_001,Canada,70502.38,2023-01-04,2023-04-04,2023-04-01,Paid,70502.38,-3,False,False,0.9326288757599166
INV_0064,EXP_010,France,27027.22,2024-06-30,2024-08-14,2024-08-12,Paid,27027.22,-2,False,False,0.31961534228496163
INV_0065,EXP_039,France,12025.02,2023-10-06,2024-01-04,2024-01-31,Paid Late,12025.02,27,True,False,0.16415783739575526
INV_0066,EXP_006,UK,116720.24,2023-08-19,2023-09-18,2023-09-18,Paid,116720.24,0,False,False,1.6816684983370571
INV_0067,EXP_014,Germany,51465.16,2024-08-15,2024-11-13,2024-11-14,Paid,51465.16,1,True,False,0.5866906702627476
INV_0068,EXP_043,Canada,131983.47,2025-09-27,2025-10-27,2025-10-25,Paid,131983.47,-2,False,False,1.4948784909975552
INV_0069,EXP_019,USA,53861.91,2023-04-26,2023-06-25,2023-08-16,Paid Late,53861.91,52,True,False,0.7784518907900169
INV_0070,EXP_050,UAE,118629.5,2026-01-25,2026-03-26,2026-05-16,Paid Late,118629.5,51,True,False,1.290191414416656
INV_0071,EXP_012,Singapore,98649.57,2024-05-12,2024-06-11,2024-06-16,Paid,98649.57,5,True,False,1.0516385830409027
INV_0072,EXP_007,UK,100729.66,2025-04-28,2025-06-12,2025-06-16,Paid,100729.66,4,True,False,1.6713234905166077
INV_0073,EXP_028,France,114926.2,2024-06-30,2024-09-28,2024-11-09,Paid Late,114926.2,42,True,False,1.183421646452362
INV_0074,EXP_036,UAE,135679.93,2023-11-11,2023-12-26,2024-01-15,Paid Late,135679.93,20,True,False,1.5991572283051918
INV_0075,EXP_017,UK,99683.55,2026-01-24,2026-04-24,2026-04-19,Paid,99683.55,-5,False,False,1.190574308004237
INV_0076,EXP_045,Canada,7467.27,2025-05-10,2025-06-24,2025-08-03,Paid Late,7467.27,40,True,False,0.13407302680923688
INV_0077,EXP_032,UAE,38411.03,2024-10-14,2025-01-12,2025-01-13,Paid,38411.03,1,True,False,0.4572923235568832
INV_0078,EXP_032,UK,95232.74,2023-04-09,2023-07-08,2023-07-07,Paid,95232.74,-1,False,False,1.1337681117452079
INV_0079,EXP_045,Germany,59643.33,2023-04-01,2023-06-30,2023-07-01,Paid,59643.33,1,True,False,1.0708815647595658
INV_0080,EXP_050,Germany,73145.81,2024-12-14,2025-01-13,2025-02-27,Paid Late,73145.81,45,True,False,0.7955196309733412
INV_0081,EXP_021,UK,106038.78,2024-03-06,2024-04-20,2024-05-25,Paid Late,106038.78,35,True,False,1.4073112367515122
INV_0082,EXP_003,Canada,96103.6,2023-07-14,2023-08-13,2023-08-12,Paid,96103.6,-1,False,False,1.239500751411121
INV_0083,EXP_048,Germany,115832.49,2023-08-15,2023-11-13,,Defaulted,42114.12,827,True,True,1.4617348844852969
INV_0084,EXP_010,Canada,143615.39,2025-09-21,2025-11-05,2025-11-20,Paid Late,143615.39,15,True,False,1.6983501089730375
INV_0085,EXP_004,USA,87920.43,2024-07-19,2024-10-17,2024-10-12,Paid,87920.43,-5,False,False,1.0896629029098548
INV_0086,EXP_036,Canada,79443.15,2023-10-15,2023-11-14,2023-11-28,Paid Late,79443.15,14,True,False,0.9363366237131283
INV_0087,EXP_012,UAE,141774.29,2025-12-08,2026-01-07,2026-01-04,Paid,141774.29,-3,False,False,1.5113630342963487
INV_0088,EXP_032,UK,62281.32,2023-05-11,2023-08-09,2023-09-27,Paid Late,62281.32,49,True,False,0.741473726088308
INV_0089,EXP_005,USA,43950.39,2024-01-15,2024-02-14,2024-02-16,Paid,43950.39,2,True,False,0.5993675807611668
INV_0090,EXP_020,Canada,112093.92,2024-05-11,2024-06-10,,Overdue,0.0,617,True,True,1.3766566813956953
INV_0091,EXP_036,Singapore,102708.44,2025-05-29,2025-06-28,2025-08-10,Paid Late,102708.44,43,True,False,1.210547088533655
INV_0092,EXP_015,UK,13567.84,2023-09-26,2023-10-26,2023-10-23,Paid,13567.84,-3,False,False,0.17047671206491524
INV_0093,EXP_016,Singapore,76233.08,2023-08-21,2023-09-20,2023-09-16,Paid,76233.08,-4,False,False,1.003466191470034
INV_0094,EXP_039,USA,106780.38,2025-01-17,2025-03-18,2025-03-21,Paid,106780.38,3,True,False,1.4576970563954952
INV_0095,EXP_042,Canada,11928.53,2023-01-21,2023-02-20,2023-04-17,Paid Late,11928.53,56,True,False,0.15855557398435563
INV_0096,EXP_038,France,56463.81,2026-01-26,2026-02-25,2026-03-02,Paid,56463.81,5,True,False,0.6867726736437172
INV_0097,EXP_037,Canada,124478.54,2023-10-11,2024-01-09,,Defaulted,44102.72,770,True,True,1.6714712078755627
INV_0098,EXP_025,UK,60483.25,2025-09-08,2025-10-23,2025-10-24,Paid,60483.25,1,True,False,0.8789523996781101
INV_0099,EXP_032,UK,142679.76,2025-02-09,2025-03-11,2025-04-05,Paid Late,142679.76,25,True,False,1.6986360161375116
INV_0100,EXP_050,UAE,32652.85,2025-12-28,2026-02-26,2026-04-13,Paid Late,32652.85,46,True,False,0.3551260582421312
INV_0101,EXP_025,USA,15055.85,2024-10-22,2025-01-20,2025-01-18,Paid,15055.85,-2,False,False,0.2187940543322932
INV_0102,EXP_026,Canada,116862.54,2024-01-22,2024-04-21,2024-04-17,Paid,116862.54,-4,False,False,1.5150400612009638
INV_0103,EXP_043,Canada,133211.36,2024-11-27,2024-12-27,2025-02-17,Paid Late,133211.36,52,True,False,1.5087858867518187
INV_0104,EXP_001,USA,40902.07,2024-02-25,2024-03-26,2024-03-24,Paid,40902.07,-2,False,False,0.5410661535164261
INV_0105,EXP_019,Singapore,64103.9,2024-02-25,2024-05-25,2024-05-25,Paid,64103.9,0,False,False,0.9264766541330258
INV_0106,EXP_043,France,75371.23,2024-02-06,2024-05-06,2024-05-02,Paid,75371.23,-4,False,False,0.8536738014770309
INV_0107,EXP_043,UAE,20635.33,2024-11-22,2025-01-06,2025-02-07,Paid Late,20635.33,32,True,False,0.23372101803079268
INV_0108,EXP_040,Singapore,147305.75,2025-09-27,2025-11-11,2025-11-07,Paid,147305.75,-4,False,False,1.531397315420011
INV_0109,EXP_012,UK,139302.03,2025-04-21,2025-07-20,2025-07-24,Paid,139302.03,4,True,False,1.4850078864400658
INV_0110,EXP_007,USA,57709.16,2024-10-02,2024-12-31,2024-12-28,Paid,57709.16,-3,False,False,0.9575201060539805
INV_0111,EXP_042,France,129300.92,2024-08-26,2024-09-25,2024-09-22,Paid,129300.92,-3,False,False,1.7186846650262226
INV_0112,EXP_040,UAE,42566.32,2024-06-14,2024-08-13,2024-09-19,Paid Late,42566.32,37,True,False,0.44252140989275107
INV_0113,EXP_041,UK,108787.82,2024-04-13,2024-06-12,2024-06-07,Paid,108787.82,-5,False,False,1.3047717145577824
INV_0114,EXP_026,Germany,146667.83,2024-09-14,2024-10-29,2024-11-03,Paid,146667.83,5,True,False,1.901444535942934
INV_0115,EXP_050,France,75845.05,2023-05-25,2023-07-09,2023-07-06,Paid,75845.05,-3,False,False,0.8248760412545109
INV_0116,EXP_035,Canada,140484.33,2023-03-12,2023-04-26,2023-04-23,Paid,140484.33,-3,False,False,1.5159415345538216
INV_0117,EXP_024,France,113062.67,2024-05-16,2024-07-15,2024-07-18,Paid,113062.67,3,True,False,1.304435944786866
INV_0118,EXP_005,UK,120172.18,2025-02-10,2025-04-11,,Defaulted,20592.6,312,True,True,1.638832074104359
INV_0119,EXP_041,UAE,119931.37,2024-12-15,2025-02-13,2025-04-10,Paid Late,119931.37,56,True,False,1.4384244418553822
INV_0120,EXP_037,Germany,142616.79,2026-01-31,2026-04-01,2026-04-02,Paid,142616.79,1,True,False,1.9150277489166847
INV_0121,EXP_026,Singapore,77234.59,2024-02-09,2024-04-09,2024-04-07,Paid,77234.59,-2,False,False,1.001291756626472
INV_0122,EXP_035,Germany,36835.51,2025-08-10,2025-09-24,2025-09-27,Paid,36835.51,3,True,False,0.39748546727932327
INV_0123,EXP_037,France,97684.95,2025-08-20,2025-09-19,2025-10-09,Paid Late,97684.95,20,True,False,1.3116926127809978
INV_0124,EXP_001,France,115924.27,2024-10-16,2025-01-14,2025-03-06,Paid Late,115924.27,51,True,False,1.5334847079402003
INV_0125,EXP_033,Singapore,148603.99,2024-11-02,2025-01-31,2025-01-27,Paid,148603.99,-4,False,False,1.9252245905494207
INV_0126,EXP_033,UAE,60540.82,2023-12-18,2024-03-17,2024-03-15,Paid,60540.82,-2,False,False,0.784330726220919
INV_0127,EXP_039,Canada,28452.16,2023-11-12,2023-12-12,2023-12-10,Paid,28452.16,-2,False,False,0.388410585166429
INV_0128,EXP_047,Canada,113935.42,2023-11-26,2024-01-25,2024-01-27,Paid,113935.42,2,True,False,1.2264054253028025
INV_0129,EXP_043,Canada,18164.55,2023-12-31,2024-01-30,2024-03-15,Paid Late,18164.55,45,True,False,0.20573633269112898
INV_0130,EXP_033,France,115161.37,2023-12-30,2024-01-29,2024-01-28,Paid,115161.37,-1,False,False,1.4919619682174103
INV_0131,EXP_011,France,81239.88,2024-05-13,2024-07-12,2024-07-15,Paid,81239.88,3,True,False,1.0985193765095538
INV_0132,EXP_010,Singapore,97044.89,2023-03-14,2023-04-28,2023-05-02,Paid,97044.89,4,True,False,1.1476221281491936
INV_0133,EXP_035,Germany,147337.85,2023-11-08,2023-12-23,2023-12-28,Paid,147337.85,5,True,False,1.5898966555690646
INV_0134,EXP_037,UAE,149809.13,2023-06-03,2023-07-18,2023-07-23,Paid,149809.13,5,True,False,2.011604951920927
INV_0135,EXP_025,Singapore,71073.14,2023-10-05,2024-01-03,2024-01-06,Paid,71073.14,3,True,False,1.032846398889912
INV_0136,EXP_039,France,123996.88,2024-08-03,2024-10-02,2024-09-29,Paid,123996.88,-3,False,False,1.6927256390942367
INV_0137,EXP_017,USA,119306.85,2025-11-24,2026-01-23,2026-01-18,Paid,119306.85,-5,False,False,1.4249459452328423
INV_0138,EXP_038,UK,122784.01,2023-07-13,2023-08-27,2023-08-30,Paid,122784.01,3,True,False,1.4934292040936823
INV_0139,EXP_004,France,110822.74,2024-11-18,2025-02-16,2025-02-20,Paid,110822.74,4,True,False,1.3735081661546027
INV_0140,EXP_038,France,14652.59,2024-11-12,2025-02-10,2025-03-30,Paid Late,14652.59,48,True,False,0.17822032218699366
INV_0141,EXP_001,UK,89190.4,2025-05-07,2025-06-21,2025-06-26,Paid,89190.4,5,True,False,1.1798402051189938
INV_0142,EXP_035,UAE,73695.44,2025-09-06,2025-12-05,2025-12-09,Paid,73695.44,4,True,False,0.7952344464554808
INV_0143,EXP_009,Singapore,56038.15,2024-12-01,2025-01-30,2025-01-30,Paid,56038.15,0,False,False,0.6480181396536393
INV_0144,EXP_037,UK,117008.74,2025-10-19,2025-12-03,2025-12-08,Paid,117008.74,5,True,False,1.571168331342878
INV_0145,EXP_015,Singapore,87683.49,2026-01-12,2026-03-13,2026-05-04,Paid Late,87683.49,52,True,False,1.1017223874674875
INV_0146,EXP_021,UK,145528.85,2024-08-18,2024-10-02,2024-10-05,Paid,145528.85,3,True,False,1.9314102432763307
INV_0147,EXP_045,Canada,56297.86,2025-07-22,2025-09-05,2025-09-05,Paid,56297.86,0,False,False,1.010814460048005
INV_0148,EXP_048,France,43963.5,2023-06-05,2023-08-04,2023-08-02,Paid,43963.5,-2,False,False,0.5547923695162674
INV_0149,EXP_009,UAE,57693.73,2025-05-24,2025-06-23,,Defaulted,609.89,239,True,True,0.6671630591709283
INV_0150,EXP_039,Germany,96928.57,2025-03-02,2025-04-16,2025-04-14,Paid,96928.57,-2,False,False,1.3232064839029858
INV_0151,EXP_039,UK,76368.07,2025-12-14,2026-01-13,2026-01-18,Paid,76368.07,5,True,False,1.0425277643852282
INV_0152,EXP_021,Canada,15417.47,2023-05-17,2023-07-16,2023-07-13,Paid,15417.47,-3,False,False,0.20461550739530704
INV_0153,EXP_028,Canada,20224.64,2025-02-05,2025-05-06,2025-05-07,Paid,20224.64,1,True,False,0.20825779298111569
INV_0154,EXP_045,Canada,63698.7,2025-12-08,2026-01-22,2026-01-21,Paid,63698.7,-1,False,False,1.1436947522740624
INV_0155,EXP_002,UK,98664.63,2026-02-03,2026-05-04,2026-05-31,Paid Late,98664.63,27,True,False,1.1842239302454503
INV_0156,EXP_002,UK,124240.83,2024-08-12,2024-09-11,2024-09-13,Paid,124240.83,2,True,False,1.4912027136731456
INV_0157,EXP_036,UK,99312.54,2024-09-28,2024-11-12,2024-11-10,Paid,99312.54,-2,False,False,1.1705221708350564
INV_0158,EXP_040,Canada,127680.21,2023-05-14,2023-08-12,2023-08-17,Paid,127680.21,5,True,False,1.327369303820545
INV_0159,EXP_021,USA,113684.25,2025-05-10,2025-07-09,2025-07-08,Paid,113684.25,-1,False,False,1.508779358520233
INV_0160,EXP_026,UK,60199.29,2024-10-24,2024-12-23,,Defaulted,9919.74,421,True,True,0.780441157669982
INV_0161,EXP_043,USA,54896.41,2025-06-25,2025-09-23,,Overdue,0.0,147,True,True,0.6217707607019508
INV_0162,EXP_005,Canada,73719.75,2023-04-18,2023-06-02,2023-06-03,Paid,73719.75,1,True,False,1.0053432566085996
INV_0163,EXP_029,UK,78575.98,2025-01-17,2025-04-17,2025-05-18,Paid Late,78575.98,31,True,False,1.0742936638587646
INV_0164,EXP_001,Singapore,51946.39,2025-11-09,2025-12-24,2025-12-22,Paid,51946.39,-2,False,False,0.6871640830491987
INV_0165,EXP_020,UAE,41846.95,2025-09-18,2025-11-17,2025-11-20,Paid,41846.95,3,True,False,0.5139340591669164
INV_0166,EXP_031,Singapore,71001.98,2023-05-21,2023-07-05,2023-07-02,Paid,71001.98,-3,False,False,0.823495891141738
INV_0167,EXP_007,UK,55782.67,2023-09-06,2023-12-05,2024-02-01,Paid Late,55782.67,58,True,False,0.9255554593824307
INV_0168,EXP_041,UK,142241.05,2023-08-23,2023-10-22,,Defaulted,49687.21,849,True,True,1.7060007148686245
INV_0169,EXP_035,France,137007.95,2024-07-12,2024-08-26,2024-08-26,Paid,137007.95,0,False,False,1.4784285334106182
INV_0170,EXP_040,UAE,149698.54,2023-09-05,2023-11-04,2023-11-04,Paid,149698.54,0,False,False,1.5562728697168653
INV_0171,EXP_045,Canada,22431.53,2023-09-07,2023-10-22,2023-10-22,Paid,22431.53,0,False,False,0.4027526958396042
INV_0172,EXP_009,Germany,33547.28,2025-10-01,2025-12-30,2025-12-30,Paid,33547.28,0,False,False,0.38793653923335686
INV_0173,EXP_048,USA,108094.02,2024-09-17,2024-12-16,2024-12-20,Paid,108094.02,4,True,False,1.36408014571949
INV_0174,EXP_005,UK,37793.78,2025-08-09,2025-10-08,2025-10-03,Paid,37793.78,-5,False,False,0.5154076331613843
INV_0175,EXP_001,France,130993.06,2025-08-23,2025-09-22,2025-09-25,Paid,130993.06,3,True,False,1.7328196619766778
INV_0176,EXP_002,USA,143455.09,2025-06-03,2025-07-03,2025-08-08,Paid Late,143455.09,36,True,False,1.7218222020749967
INV_0177,EXP_013,Canada,63126.89,2023-04-03,2023-06-02,2023-06-06,Paid,63126.89,4,True,False,0.9247425826955715
INV_0178,EXP_009,Canada,61355.27,2024-07-21,2024-08-20,2024-09-29,Paid Late,61355.27,40,True,False,0.7095046485893403
INV_0179,EXP_020,Canada,121455.02,2024-11-02,2025-01-01,2025-01-06,Paid,121455.02,5,True,False,1.4916229602109357
INV_0180,EXP_032,USA,56805.07,2024-12-10,2025-03-10,,Overdue,0.0,344,True,True,0.676277685084503
INV_0181,EXP_030,UAE,33838.04,2025-07-29,2025-10-27,2025-10-27,Paid,33838.04,0,False,False,0.4322657859907868
INV_0182,EXP_014,UAE,89492.33,2024-01-09,2024-02-08,2024-02-03,Paid,89492.33,-5,False,False,1.020191427969426
INV_0183,EXP_025,Singapore,72069.55,2023-03-18,2023-04-17,,Defaulted,25825.2,1037,True,True,1.0473263906324732
INV_0184,EXP_004,Singapore,83785.44,2024-11-14,2025-02-12,2025-02-11,Paid,83785.44,-1,False,False,1.0384149141670427
INV_0185,EXP_003,Singapore,128966.04,2024-03-24,2024-06-22,2024-06-22,Paid,128966.04,0,False,False,1.6633456341543569
INV_0186,EXP_006,Singapore,127501.38,2024-09-07,2024-10-07,2024-10-09,Paid,127501.38,2,True,False,1.836999771766255
INV_0187,EXP_040,Canada,27747.09,2025-10-14,2026-01-12,2026-01-15,Paid,27747.09,3,True,False,0.28846001691527606
INV_0188,EXP_003,France,32105.26,2025-06-07,2025-07-07,2025-07-02,Paid,32105.26,-5,False,False,0.41407911768393063
INV_0189,EXP_012,Germany,72448.88,2025-08-16,2025-11-14,2025-12-07,Paid Late,72448.88,23,True,False,0.7723301531481628
INV_0190,EXP_031,Singapore,146117.06,2025-11-05,2026-02-03,2026-02-07,Paid,146117.06,4,True,False,1.694696380801082
INV_0191,EXP_030,UAE,118776.21,2023-02-25,2023-05-26,2023-05-22,Paid,118776.21,-4,False,False,1.5173128163645635
INV_0192,EXP_004,UK,12276.94,2024-04-29,2024-05-29,2024-06-01,Paid,12276.94,3,True,False,0.15215719576496742
INV_0193,EXP_019,Canada,82435.35,2026-01-09,2026-02-08,2026-02-09,Paid,82435.35,1,True,False,1.1914162359900868
INV_0194,EXP_048,Canada,134614.98,2023-09-09,2023-12-08,2024-01-11,Paid Late,134614.98,34,True,False,1.698758372890806
INV_0195,EXP_047,France,75550.16,2023-03-18,2023-05-02,2023-05-04,Paid,75550.16,2,True,False,0.8132249488920547
INV_0196,EXP_046,Canada,78261.57,2023-11-18,2024-01-02,2024-01-03,Paid,78261.57,1,True,False,1.1062233258162435
INV_0197,EXP_033,Germany,75146.05,2025-05-19,2025-07-03,2025-07-05,Paid,75146.05,2,True,False,0.9735473680259616
INV_0198,EXP_004,Singapore,100743.25,2024-09-22,2024-11-06,,Overdue,0.0,468,True,True,1.2485855931729775
INV_0199,EXP_001,USA,86380.57,2023-08-29,2023-11-27,2023-11-25,Paid,86380.57,-2,False,False,1.1426708415602533
INV_0200,EXP_019,Canada,60343.65,2025-04-25,2025-07-24,2025-07-20,Paid,60343.65,-4,False,False,0.8721307588177063
INV_0201,EXP_003,Singapore,8519.7,2025-04-22,2025-05-22,2025-07-12,Paid Late,8519.7,51,True,False,0.10988323592245583
INV_0202,EXP_036,Canada,17800.31,2023-12-15,2024-03-14,2024-03-12,Paid,17800.31,-2,False,False,0.2097988582583525
INV_0203,EXP_010,France,32666.04,2025-09-12,2025-10-12,2025-10-15,Paid,32666.04,3,True,False,0.38629824139124364
INV_0204,EXP_028,USA,142951.46,2023-02-23,2023-04-09,,Overdue,0.0,1045,True,True,1.4720042266773716
INV_0205,EXP_041,Germany,146444.14,2024-04-22,2024-06-06,2024-06-07,Paid,146444.14,1,True,False,1.7564114404971065
INV_0206,EXP_043,Canada,26948.65,2023-04-30,2023-06-14,2023-06-17,Paid,26948.65,3,True,False,0.30522729283008904
INV_0207,EXP_020,Canada,73604.59,2025-08-15,2025-10-14,2025-10-10,Paid,73604.59,-4,False,False,0.9039584894960474
INV_0208,EXP_001,Canada,110397.12,2024-12-21,2025-02-19,2025-02-19,Paid,110397.12,0,False,False,1.4603697337981014
INV_0209,EXP_016,Singapore,89079.66,2025-11-23,2026-01-07,2026-02-03,Paid Late,89079.66,27,True,False,1.1725674360480454
INV_0210,EXP_045,Germany,65081.28,2023-12-21,2024-03-20,2024-03-15,Paid,65081.28,-5,False,False,1.1685186417819968
INV_0211,EXP_049,UK,30384.74,2025-10-01,2025-10-31,2025-12-23,Paid Late,30384.74,53,True,False,0.5163277755073247
INV_0212,EXP_007,Canada,26598.81,2024-04-02,2024-07-01,2024-06-27,Paid,26598.81,-4,False,False,0.4413319371155234
INV_0213,EXP_046,France,67875.22,2023-08-20,2023-09-19,2023-09-16,Paid,67875.22,-3,False,False,0.9594127949248807
INV_0214,EXP_003,Germany,38255.84,2023-12-30,2024-02-13,2024-02-16,Paid,38255.84,3,True,False,0.49340651573784544
INV_0215,EXP_025,Germany,47428.21,2023-06-21,2023-08-20,2023-08-22,Paid,47428.21,2,True,False,0.6892344408069563
INV_0216,EXP_028,USA,96498.77,2023-11-25,2024-01-24,2024-01-28,Paid,96498.77,4,True,False,0.9936701402641678
INV_0217,EXP_028,Singapore,126865.46,2023-02-06,2023-05-07,2023-05-11,Paid,126865.46,4,True,False,1.3063629664178948
INV_0218,EXP_049,UK,72556.68,2024-07-15,2024-10-13,2024-10-26,Paid Late,72556.68,13,True,False,1.232955397432948
INV_0219,EXP_015,USA,70262.57,2023-07-25,2023-09-08,2023-09-05,Paid,70262.57,-3,False,False,0.8828326332585698
INV_0220,EXP_045,UK,66291.41,2024-12-02,2025-01-31,2025-01-30,Paid,66291.41,-1,False,False,1.1902462332488466
INV_0221,EXP_015,Singapore,115084.64,2023-11-06,2024-01-05,2024-01-08,Paid,115084.64,3,True,False,1.4460113795839595
INV_0222,EXP_032,UAE,8076.34,2023-12-21,2024-01-20,2024-01-17,Paid,8076.34,-3,False,False,0.09615072244705226
INV_0223,EXP_008,Germany,70759.72,2023-01-13,2023-04-13,2023-04-09,Paid,70759.72,-4,False,False,0.9660991297268327
INV_0224,EXP_020,USA,100435.03,2025-03-15,2025-06-13,2025-06-11,Paid,100435.03,-2,False,False,1.2334706030057394
INV_0225,EXP_039,UAE,73012.17,2024-01-20,2024-03-05,2024-03-21,Paid Late,73012.17,16,True,False,0.9967151764214314
INV_0226,EXP_024,France,111122.45,2025-02-08,2025-03-25,2025-03-21,Paid,111122.45,-4,False,False,1.2820510788643262
INV_0227,EXP_025,Singapore,92142.36,2023-10-11,2023-12-10,2023-12-10,Paid,92142.36,0,False,False,1.3390277214601447
INV_0228,EXP_012,Germany,144450.44,2024-03-14,2024-05-13,2024-06-01,Paid Late,144450.44,19,True,False,1.539891720169028
INV_0229,EXP_004,UK,25317.09,2024-07-02,2024-08-16,2024-08-20,Paid,25317.09,4,True,False,0.31377341742562065
INV_0230,EXP_044,Germany,11047.72,2025-12-30,2026-02-28,2026-03-02,Paid,11047.72,2,True,False,0.18280095720009987
INV_0231,EXP_009,France,13981.61,2024-09-10,2024-12-09,2024-12-09,Paid,13981.61,0,False,False,0.16168158480539987
INV_0232,EXP_018,Germany,67927.24,2025-08-21,2025-10-05,2025-10-10,Paid,67927.24,5,True,False,0.6881255297064245
INV_0233,EXP_008,Canada,126101.5,2023-05-01,2023-07-30,2023-08-16,Paid Late,126101.5,17,True,False,1.72169349182343
INV_0234,EXP_032,Germany,83083.95,2024-08-07,2024-11-05,2024-11-03,Paid,83083.95,-2,False,False,0.9891339166323815
INV_0235,EXP_049,Germany,115092.84,2023-05-05,2023-06-04,2023-06-05,Paid,115092.84,1,True,False,1.955772208484273
INV_0236,EXP_011,UK,96959.13,2024-07-27,2024-09-10,2024-09-25,Paid Late,96959.13,15,True,False,1.3110738597165428
INV_0237,EXP_012,UAE,103879.47,2025-02-14,2025-05-15,2025-05-20,Paid,103879.47,5,True,False,1.107391128393565
INV_0238,EXP_031,France,131418.27,2023-10-10,2024-01-08,2024-01-12,Paid,131418.27,4,True,False,1.5242167241808684
INV_0239,EXP_043,Canada,110831.88,2025-12-29,2026-02-27,2026-03-03,Paid,110831.88,4,True,False,1.2553101803492674
INV_0240,EXP_013,Germany,95519.95,2023-02-09,2023-04-10,2023-06-09,Paid Late,95519.95,60,True,False,1.3992668617438917
INV_0241,EXP_037,Germany,93048.95,2023-12-27,2024-02-10,2024-03-11,Paid Late,93048.95,30,True,False,1.2494413964692455
INV_0242,EXP_026,USA,47052.12,2023-03-07,2023-05-06,2023-05-20,Paid Late,47052.12,14,True,False,0.6099974103287085
INV_0243,EXP_020,Germany,83718.57,2025-07-07,2025-08-06,2025-08-06,Paid,83718.57,0,False,False,1.0281710974814087
INV_0244,EXP_007,France,99204.95,2025-06-03,2025-09-01,2025-08-29,Paid,99204.95,-3,False,False,1.6460252453003965
INV_0245,EXP_039,Germany,106695.31,2024-11-14,2025-02-12,2025-02-16,Paid,106695.31,4,True,False,1.4565357354806645
INV_0246,EXP_016,UK,118436.73,2023-08-30,2023-09-29,2023-09-24,Paid,118436.73,-5,False,False,1.5589984608160226
INV_0247,EXP_007,France,119724.5,2023-02-22,2023-05-23,2023-05-18,Paid,119724.5,-5,False,False,1.9864890762100815
INV_0248,EXP_003,USA,145261.93,2026-02-06,2026-05-07,2026-05-24,Paid Late,145261.93,17,True,False,1.8735226504150688
INV_0249,EXP_005,USA,76789.93,2023-01-13,2023-04-13,2023-05-28,Paid Late,76789.93,45,True,False,1.047212426804844
INV_0250,EXP_023,France,147926.48,2024-01-25,2024-02-24,2024-02-26,Paid,147926.48,2,True,False,1.9329857680580664
INV_0251,EXP_044,Germany,121171.43,2023-07-11,2023-08-25,2023-08-24,Paid,121171.43,-1,False,False,2.00496151145258
INV_0252,EXP_032,Canada,58272.71,2023-11-19,2024-01-18,2024-01-22,Paid,58272.71,4,True,False,0.6937502835996958
INV_0253,EXP_038,Canada,5959.57,2024-04-24,2024-07-23,2024-07-20,Paid,5959.57,-3,False,False,0.07248660376738458
INV_0254,EXP_042,UK,128727.95,2025-07-15,2025-08-29,2025-10-11,Paid Late,128727.95,43,True,False,1.7110686731792963
INV_0255,EXP_003,Canada,38748.11,2025-05-11,2025-06-25,2025-06-24,Paid,38748.11,-1,False,False,0.4997555914737925
INV_0256,EXP_020,UAE,25214.6,2024-06-11,2024-07-11,2024-07-15,Paid,25214.6,4,True,False,0.3096675320010211
INV_0257,EXP_021,UAE,99702.17,2024-10-29,2024-12-13,2024-12-08,Paid,99702.17,-5,False,False,1.3232138673182539
INV_0258,EXP_024,France,148042.99,2025-04-02,2025-06-01,2025-06-06,Paid,148042.99,5,True,False,1.7080137726247093
INV_0259,EXP_039,Singapore,73933.03,2024-04-11,2024-06-10,2024-06-12,Paid,73933.03,2,True,False,1.0092861647561082
INV_0260,EXP_003,Germany,67588.78,2023-08-06,2023-10-05,2023-10-06,Paid,67588.78,1,True,False,0.8717295043782015
INV_0261,EXP_018,UAE,116062.63,2023-09-16,2023-10-16,2023-10-13,Paid,116062.63,-3,False,False,1.1757530373362843
INV_0262,EXP_005,France,39986.12,2024-12-10,2025-01-09,2025-01-05,Paid,39986.12,-4,False,False,0.5453053774591241
INV_0263,EXP_043,France,140245.35,2024-05-18,2024-07-17,2024-08-05,Paid Late,140245.35,19,True,False,1.588454654036782
INV_0264,EXP_007,Singapore,10525.35,2024-04-03,2024-07-02,,Defaulted,4139.93,595,True,True,0.1746383806011951
INV_0265,EXP_007,UK,123537.78,2024-07-12,2024-10-10,2024-10-13,Paid,123537.78,3,True,False,2.0497596604641846
INV_0266,EXP_014,Germany,117295.36,2024-07-26,2024-09-09,2024-09-13,Paid,117295.36,4,True,False,1.3371394041543885
INV_0267,EXP_004,France,56473.49,2024-04-10,2024-05-25,2024-05-28,Paid,56473.49,3,True,False,0.6999177216359231
INV_0268,EXP_030,UAE,84937.42,2023-03-02,2023-04-01,2023-05-20,Paid Late,84937.42,49,True,False,1.0850374494601216
INV_0269,EXP_003,Canada,23094.36,2023-11-22,2024-02-20,2024-02-22,Paid,23094.36,2,True,False,0.297860606401414
INV_0270,EXP_031,Germany,114250.86,2025-02-28,2025-04-29,2025-06-13,Paid Late,114250.86,45,True,False,1.3251054938103128
INV_0271,EXP_011,Canada,139876.82,2024-06-10,2024-08-09,2024-08-08,Paid,139876.82,-1,False,False,1.8914035458267426
INV_0272,EXP_015,Canada,114237.56,2025-12-06,2026-03-06,2026-03-01,Paid,114237.56,-5,False,False,1.4353680190154423
INV_0273,EXP_007,UAE,88011.8,2024-09-11,2024-11-10,,Defaulted,22007.26,464,True,True,1.460306614582533
INV_0274,EXP_045,UK,134703.01,2025-03-25,2025-05-24,2025-05-22,Paid,134703.01,-2,False,False,2.4185599651565974
INV_0275,EXP_010,Singapore,57752.59,2026-01-19,2026-03-20,2026-03-23,Paid,57752.59,3,True,False,0.6829638350038609
INV_0276,EXP_002,France,53760.86,2023-12-24,2024-03-23,2024-04-19,Paid Late,53760.86,27,True,False,0.6452656531786053
INV_0277,EXP_018,UK,146190.93,2024-09-08,2024-10-23,2024-10-20,Paid,146190.93,-3,False,False,1.480962735193198
INV_0278,EXP_045,Canada,12558.66,2024-06-15,2024-07-15,2024-07-16,Paid,12558.66,1,True,False,0.22548770285098715
INV_0279,EXP_014,Germany,40693.36,2025-06-22,2025-08-21,2025-08-24,Paid,40693.36,3,True,False,0.46389469407349126
INV_0280,EXP_044,Singapore,46416.58,2024-09-05,2024-10-20,2024-10-24,Paid,46416.58,4,True,False,0.768031345287083
INV_0281,EXP_002,UK,131913.33,2024-10-11,2024-12-10,2024-12-10,Paid,131913.33,0,False,False,1.5832920277952194
INV_0282,EXP_017,Germany,98552.27,2023-02-24,2023-04-10,2023-04-10,Paid,98552.27,0,False,False,1.17706282187479
INV_0283,EXP_019,UK,57027.41,2024-03-08,2024-04-07,2024-04-23,Paid Late,57027.41,16,True,False,0.8242020221963446
INV_0284,EXP_023,UAE,107374.44,2025-12-24,2026-02-07,2026-02-06,Paid,107374.44,-1,False,False,1.4030839128545798
INV_0285,EXP_022,France,66789.78,2024-06-02,2024-08-01,2024-08-05,Paid,66789.78,4,True,False,0.8768135245456686
INV_0286,EXP_030,Canada,8470.57,2024-10-29,2025-01-27,2025-01-24,Paid,8470.57,-3,False,False,0.1082077330377285
INV_0287,EXP_025,USA,66493.56,2024-11-11,2025-01-10,2025-01-05,Paid,66493.56,-5,False,False,0.9662951994997027
INV_0288,EXP_026,UK,15389.53,2024-06-25,2024-07-25,2024-08-25,Paid Late,15389.53,31,True,False,0.19951435655133007
INV_0289,EXP_023,France,106611.99,2025-05-07,2025-08-05,2025-08-31,Paid Late,106611.99,26,True,False,1.393120821737588
INV_0290,EXP_048,Canada,120257.0,2026-01-12,2026-02-26,2026-02-21,Paid,120257.0,-5,False,False,1.5175694833422673
INV_0291,EXP_038,Canada,93535.82,2024-04-02,2024-05-17,2024-06-06,Paid Late,93535.82,20,True,False,1.1376817324735522
INV_0292,EXP_025,UK,122523.01,2025-05-17,2025-06-16,2025-07-08,Paid Late,122523.01,22,True,False,1.7805242551497327
INV_0293,EXP_035,Germany,137501.36,2024-07-13,2024-08-12,2024-08-15,Paid,137501.36,3,True,False,1.4837528333703656
INV_0294,EXP_010,Germany,53407.46,2023-06-12,2023-09-10,,Overdue,0.0,891,True,True,0.6315797040343178
INV_0295,EXP_011,UK,44140.88,2025-11-21,2025-12-21,2025-12-26,Paid,44140.88,5,True,False,0.5968695667224401
INV_0296,EXP_041,UK,100696.5,2024-05-11,2024-08-09,2024-08-10,Paid,100696.5,1,True,False,1.2077266090539156
INV_0297,EXP_014,France,40865.53,2024-01-02,2024-02-16,2024-02-19,Paid,40865.53,3,True,False,0.4658573914147438
INV_0298,EXP_032,UAE,111416.01,2024-04-20,2024-06-04,2024-05-30,Paid,111416.01,-5,False,False,1.326433737765869
INV_0299,EXP_002,UK,102959.63,2024-01-19,2024-03-19,2024-03-22,Paid,102959.63,3,True,False,1.2357747421261032
INV_0300,EXP_010,UAE,85504.09,2023-01-28,2023-02-27,2023-02-25,Paid,85504.09,-2,False,False,1.0111442831380424
INV_0301,EXP_013,UK,49171.31,2024-05-20,2024-06-19,,Defaulted,6892.36,608,True,True,0.7203080050977417
INV_0302,EXP_032,France,120663.19,2023-03-11,2023-05-10,2023-06-12,Paid Late,120663.19,33,True,False,1.4365235850974492
INV_0303,EXP_036,Singapore,146171.61,2023-01-08,2023-03-09,,Defaulted,44511.47,1076,True,True,1.722814764899329
INV_0304,EXP_031,UAE,41756.88,2023-05-24,2023-06-23,2023-06-28,Paid,41756.88,5,True,False,0.4843050729979448
INV_0305,EXP_048,Singapore,31265.55,2023-11-21,2024-02-19,,Overdue,0.0,729,True,True,0.3945520390489687
INV_0306,EXP_045,USA,47039.42,2024-04-26,2024-06-25,,Overdue,0.0,602,True,True,0.844581409102785
INV_0307,EXP_028,UAE,97722.16,2023-11-20,2023-12-20,2023-12-15,Paid,97722.16,-5,False,False,1.006267669879289
INV_0308,EXP_004,Canada,10623.35,2025-02-14,2025-04-15,,Defaulted,3379.5,308,True,True,0.13166303212606453
INV_0309,EXP_043,UAE,84167.33,2025-08-08,2025-11-06,,Defaulted,8948.51,103,True,True,0.9533006766809
INV_0310,EXP_040,UAE,76962.24,2023-01-16,2023-02-15,2023-02-10,Paid,76962.24,-5,False,False,0.8001029676350759
INV_0311,EXP_009,Singapore,95871.56,2024-07-04,2024-08-18,2024-08-14,Paid,95871.56,-4,False,False,1.1086466979529526
INV_0312,EXP_025,Germany,9359.7,2024-01-31,2024-04-30,2024-06-26,Paid Late,9359.7,57,True,False,0.13601667858898467
INV_0313,EXP_021,France,100417.6,2024-09-11,2024-10-11,2024-10-16,Paid,100417.6,5,True,False,1.332708815092164
INV_0314,EXP_036,UAE,72717.0,2024-08-20,2024-10-04,2024-09-30,Paid,72717.0,-4,False,False,0.857060555460698
INV_0315,EXP_048,Germany,79317.81,2025-07-02,2025-08-01,2025-08-05,Paid,79317.81,4,True,False,1.0009420486253617
INV_0316,EXP_028,UK,145640.45,2025-09-29,2025-12-28,2025-12-29,Paid,145640.45,1,True,False,1.4996933782641635
INV_0317,EXP_048,UAE,40031.93,2025-07-24,2025-10-22,2025-10-25,Paid,40031.93,3,True,False,0.5051783707168299
INV_0318,EXP_016,USA,60582.95,2023-08-11,2023-09-25,2023-09-30,Paid,60582.95,5,True,False,0.7974614446185238
INV_0319,EXP_028,UK,149319.29,2025-08-23,2025-10-22,2025-10-18,Paid,149319.29,-4,False,False,1.5375752441035875
INV_0320,EXP_043,UK,84539.65,2025-02-17,2025-03-19,2025-03-15,Paid,84539.65,-4,False,False,0.9575176680948111
INV_0321,EXP_014,UAE,62336.97,2025-02-03,2025-03-20,,Overdue,0.0,334,True,True,0.7106267368341764
INV_0322,EXP_027,UAE,74879.45,2023-07-17,2023-08-31,2023-09-04,Paid,74879.45,4,True,False,0.8491489849828084
INV_0323,EXP_018,Singapore,96589.92,2024-03-17,2024-04-16,2024-04-19,Paid,96589.92,3,True,False,0.978488009586451
INV_0324,EXP_039,USA,53600.51,2023-04-17,2023-07-16,2023-07-11,Paid,53600.51,-5,False,False,0.7317196815397857
INV_0325,EXP_018,USA,65448.4,2025-09-16,2025-12-15,2025-12-12,Paid,65448.4,-3,False,False,0.6630140561936264
INV_0326,EXP_037,USA,99673.99,2024-04-27,2024-06-26,2024-06-25,Paid,99673.99,-1,False,False,1.3384010164248132
INV_0327,EXP_024,Germany,14816.19,2023-04-01,2023-05-31,,Defaulted,4456.54,993,True,True,0.1709385670866584
INV_0328,EXP_044,Canada,64352.25,2026-02-14,2026-05-15,2026-05-16,Paid,64352.25,1,True,False,1.064803678766309
INV_0329,EXP_032,Germany,59618.16,2023-08-23,2023-10-07,2023-10-09,Paid,59618.16,2,True,False,0.7097681814985444
INV_0330,EXP_039,France,83228.06,2024-12-26,2025-02-09,2025-02-12,Paid,83228.06,3,True,False,1.1361759348628246
INV_0331,EXP_023,Canada,129108.75,2025-02-12,2025-05-13,2025-05-09,Paid,129108.75,-4,False,False,1.6870906161071828
INV_0332,EXP_008,Singapore,66189.82,2025-05-11,2025-06-10,2025-07-11,Paid Late,66189.82,31,True,False,0.9037052082565576
INV_0333,EXP_023,UAE,18591.81,2025-06-19,2025-08-18,2025-08-23,Paid,18591.81,5,True,False,0.24294300880031514
INV_0334,EXP_035,France,114902.81,2024-09-14,2024-11-13,2024-11-11,Paid,114902.81,-2,False,False,1.2398958810277716
INV_0335,EXP_009,UK,118990.56,2023-01-09,2023-04-09,2023-04-10,Paid,118990.56,1,True,False,1.3759919149283968
INV_0336,EXP_034,Germany,136438.48,2025-10-10,2025-11-09,2025-11-22,Paid Late,136438.48,13,True,False,1.7641975311343476
INV_0337,EXP_034,France,18224.43,2023-04-12,2023-05-27,2023-05-24,Paid,18224.43,-3,False,False,0.23564828934132612
INV_0338,EXP_014,USA,26694.63,2026-01-09,2026-04-09,2026-04-12,Paid,26694.63,3,True,False,0.30431247793878513
INV_0339,EXP_002,Canada,117633.07,2023-11-20,2024-02-18,2024-02-14,Paid,117633.07,-4,False,False,1.4118929598402
INV_0340,EXP_009,USA,57594.61,2025-06-04,2025-07-04,2025-07-09,Paid,57594.61,5,True,False,0.6660168479201559
INV_0341,EXP_005,UK,40837.02,2023-04-14,2023-05-14,2023-05-24,Paid Late,40837.02,10,True,False,0.5569094127013523
INV_0342,EXP_010,Canada,65630.2,2024-07-25,2024-10-23,2024-10-27,Paid,65630.2,4,True,False,0.776121955466766
INV_0343,EXP_013,UAE,110039.07,2025-10-18,2025-11-17,2025-11-12,Paid,110039.07,-5,False,False,1.6119567079768826
INV_0344,EXP_027,USA,91876.76,2023-06-06,2023-08-05,2023-08-05,Paid,91876.76,0,False,False,1.0419021173033336
INV_0345,EXP_016,Germany,13031.38,2024-04-23,2024-05-23,2024-05-18,Paid,13031.38,-5,False,False,0.1715337916059376
INV_0346,EXP_031,Singapore,90280.82,2024-08-17,2024-11-15,2024-11-18,Paid,90280.82,3,True,False,1.047095930548794
INV_0347,EXP_019,France,103287.93,2025-02-21,2025-05-22,2025-07-05,Paid Late,103287.93,44,True,False,1.492793040653161
INV_0348,EXP_017,UAE,104085.68,2024-12-24,2025-01-23,2025-01-22,Paid,104085.68,-1,False,False,1.243151316733307
INV_0349,EXP_006,France,104654.78,2023-07-18,2023-08-17,2023-08-14,Paid,104654.78,-3,False,False,1.5078331463882793
INV_0350,EXP_033,Singapore,82212.14,2024-07-14,2024-09-12,2024-10-18,Paid Late,82212.14,36,True,False,1.0650914122137074
INV_0351,EXP_042,Germany,33366.3,2023-10-21,2023-11-20,2023-11-19,Paid,33366.3,-1,False,False,0.4435092042551937
INV_0352,EXP_001,UAE,139400.3,2023-12-11,2024-01-10,,Defaulted,31634.4,769,True,True,1.8440334222702137
INV_0353,EXP_030,UK,8210.57,2023-04-08,2023-06-07,2023-06-08,Paid,8210.57,1,True,False,0.1048863496373423
INV_0354,EXP_010,Germany,92497.04,2025-08-23,2025-10-22,2025-10-26,Paid,92497.04,4,True,False,1.093840694675434
INV_0355,EXP_007,Singapore,5088.89,2023-06-24,2023-08-23,2023-08-21,Paid,5088.89,-2,False,False,0.084435720299811
INV_0356,EXP_014,Singapore,80431.88,2023-06-30,2023-09-28,2023-10-30,Paid Late,80431.88,32,True,False,0.9169044376368961
INV_0357,EXP_040,Canada,141466.52,2026-01-01,2026-04-01,2026-03-27,Paid,141466.52,-5,False,False,1.470692413227666
INV_0358,EXP_035,Germany,81875.53,2023-03-11,2023-06-09,2023-06-17,Paid Late,81875.53,8,True,False,0.8835043494929824
INV_0359,EXP_026,UAE,8604.92,2025-08-09,2025-09-23,2025-09-24,Paid,8604.92,1,True,False,0.1115566932177702
INV_0360,EXP_046,France,139923.72,2025-05-13,2025-07-12,2025-07-14,Paid,139923.72,2,True,False,1.9778146911566021
INV_0361,EXP_023,Germany,141770.2,2023-03-22,2023-05-21,,Defaulted,9398.38,1003,True,True,1.852540389893315
INV_0362,EXP_016,Canada,112002.67,2024-10-28,2024-12-12,2024-12-14,Paid,112002.67,2,True,False,1.4743060715817204
INV_0363,EXP_024,Canada,99256.34,2024-08-27,2024-09-26,2024-09-30,Paid,99256.34,4,True,False,1.1451484176340998
INV_0364,EXP_012,UAE,111810.48,2025-10-09,2025-11-23,2025-11-21,Paid,111810.48,-2,False,False,1.1919384418636918
INV_0365,EXP_023,USA,48402.2,2025-04-14,2025-06-13,2025-06-11,Paid,48402.2,-2,False,False,0.6324815120504464
INV_0366,EXP_047,Canada,63863.7,2024-01-12,2024-02-11,2024-02-09,Paid,63863.7,-2,False,False,0.6874314252750425
INV_0367,EXP_005,Canada,118406.52,2025-03-27,2025-05-11,2025-05-11,Paid,118406.52,0,False,False,1.6147531213886548
INV_0368,EXP_035,France,99272.18,2024-11-07,2025-02-05,2025-02-04,Paid,99272.18,-1,False,False,1.0712285198477525
INV_0369,EXP_038,Germany,137267.51,2024-07-27,2024-09-25,2024-09-30,Paid,137267.51,5,True,False,1.669592874570733
INV_0370,EXP_016,UAE,67536.4,2023-08-18,2023-11-16,2023-11-12,Paid,67536.4,-4,False,False,0.8889906336408918
INV_0371,EXP_019,UAE,81802.99,2024-06-05,2024-07-20,2024-08-02,Paid Late,81802.99,13,True,False,1.1822769047324324
INV_0372,EXP_038,France,89805.52,2023-07-27,2023-10-25,2023-10-27,Paid,89805.52,2,True,False,1.0923098720820348
INV_0373,EXP_022,Canada,111122.94,2025-01-15,2025-03-16,2025-03-17,Paid,111122.94,1,True,False,1.4588174520005437
INV_0374,EXP_046,UAE,39565.15,2024-12-03,2025-03-03,,Overdue,0.0,351,True,True,0.559251390170406
INV_0375,EXP_030,Singapore,51768.49,2024-03-23,2024-05-07,2024-05-06,Paid,51768.49,-1,False,False,0.6613192436502286
INV_0376,EXP_026,Germany,13052.93,2025-01-12,2025-04-12,2025-06-07,Paid Late,13052.93,56,True,False,0.16922199248837053
INV_0377,EXP_035,Canada,149000.17,2024-02-05,2024-04-05,2024-03-31,Paid,149000.17,-5,False,False,1.6078344564022218
INV_0378,EXP_022,USA,107291.07,2025-04-15,2025-06-14,2025-06-15,Paid,107291.07,1,True,False,1.4085128179637074
INV_0379,EXP_036,France,74584.1,2025-01-22,2025-04-22,2025-06-19,Paid Late,74584.1,58,True,False,0.8790666580653252
INV_0380,EXP_017,France,134249.77,2023-01-08,2023-02-22,2023-02-25,Paid,134249.77,3,True,False,1.6034172841705372
INV_0381,EXP_047,USA,143903.59,2025-12-29,2026-01-28,2026-02-02,Paid,143903.59,5,True,False,1.548984007752375
INV_0382,EXP_025,France,120706.22,2023-04-03,2023-05-18,2023-07-01,Paid Late,120706.22,44,True,False,1.7541223681775349
INV_0383,EXP_007,USA,14340.11,2023-08-04,2023-11-02,2023-11-03,Paid,14340.11,1,True,False,0.23793352126466139
INV_0384,EXP_013,Germany,38564.73,2024-08-06,2024-10-05,2024-10-09,Paid,38564.73,4,True,False,0.5649327571999412
INV_0385,EXP_025,UK,7656.27,2023-11-23,2024-02-21,2024-02-25,Paid,7656.27,4,True,False,0.11126215752433152
INV_0386,EXP_001,Germany,81321.34,2025-11-24,2026-01-08,2026-01-12,Paid,81321.34,4,True,False,1.0757456684368658
INV_0387,EXP_022,UAE,108141.29,2023-03-31,2023-04-30,2023-06-22,Paid Late,108141.29,53,True,False,1.4196744716604137
INV_0388,EXP_011,UAE,7346.25,2024-02-14,2024-03-15,2024-03-13,Paid,7346.25,-2,False,False,0.09933542454375005
INV_0389,EXP_035,France,69675.28,2023-01-07,2023-04-07,2023-05-07,Paid Late,69675.28,30,True,False,0.7518536115997222
INV_0390,EXP_015,Germany,104005.44,2024-08-03,2024-10-02,2024-10-28,Paid Late,104005.44,26,True,False,1.3068038426208461
INV_0391,EXP_022,UAE,70665.22,2023-10-27,2023-12-26,2023-12-21,Paid,70665.22,-5,False,False,0.9276901437764142
INV_0392,EXP_001,UK,24471.18,2025-11-08,2026-02-06,2026-02-15,Paid Late,24471.18,9,True,False,0.3237128887268565
INV_0393,EXP_016,France,102979.61,2023-10-29,2023-12-28,2023-12-30,Paid,102979.61,2,True,False,1.3555343303165688
INV_0394,EXP_047,France,72529.5,2024-09-24,2024-10-24,2024-10-25,Paid,72529.5,1,True,False,0.7807104436399112
INV_0395,EXP_050,Germany,131357.47,2024-06-30,2024-09-28,2024-10-02,Paid,131357.47,4,True,False,1.4286183454662917
INV_0396,EXP_032,UK,17092.21,2025-05-03,2025-08-01,2025-08-25,Paid Late,17092.21,24,True,False,0.20348676996222684
INV_0397,EXP_014,UK,99533.19,2025-08-17,2025-11-15,2025-11-26,Paid Late,99533.19,11,True,False,1.134654860773568
INV_0398,EXP_043,UK,62727.31,2025-08-17,2025-10-16,2025-10-15,Paid,62727.31,-1,False,False,0.7104655341849692
INV_0399,EXP_037,Singapore,94785.09,2025-05-19,2025-07-18,,Overdue,0.0,214,True,True,1.272753913010981
INV_0400,EXP_032,USA,145255.46,2024-03-03,2024-04-02,2024-04-06,Paid,145255.46,4,True,False,1.729300328908751
INV_0401,EXP_036,UK,105423.77,2023-01-08,2023-02-22,2023-02-24,Paid,105423.77,2,True,False,1.242550639808585
INV_0402,EXP_047,Germany,139698.34,2025-12-12,2026-01-26,2026-01-25,Paid,139698.34,-1,False,False,1.50371852828379
INV_0403,EXP_010,Germany,129253.14,2024-11-10,2024-12-25,2025-02-10,Paid Late,129253.14,47,True,False,1.5285066900149578
INV_0404,EXP_003,France,124529.39,2024-01-21,2024-03-21,2024-03-24,Paid,124529.39,3,True,False,1.6061237297850288
INV_0405,EXP_043,France,128460.88,2025-06-17,2025-08-01,,Overdue,0.0,200,True,True,1.45498073695606
INV_0406,EXP_018,UAE,70398.09,2024-06-02,2024-07-17,2024-07-14,Paid,70398.09,-3,False,False,0.7131560618622299
INV_0407,EXP_049,France,35950.5,2023-06-05,2023-07-20,,Defaulted,9094.47,943,True,True,0.6109067147974961
INV_0408,EXP_021,Germany,88918.49,2024-11-25,2025-01-09,2025-01-11,Paid,88918.49,2,True,False,1.180096471611395
INV_0409,EXP_027,USA,148518.5,2025-12-19,2026-01-18,2026-01-20,Paid,148518.5,2,True,False,1.6842315685567835
INV_0410,EXP_031,UK,10625.2,2023-06-15,2023-07-15,2023-07-14,Paid,10625.2,-1,False,False,0.12323330338899276
INV_0411,EXP_035,France,108359.87,2025-10-23,2025-12-07,2025-12-02,Paid,108359.87,-5,False,False,1.169292173809368
INV_0412,EXP_016,Canada,83373.66,2025-10-03,2026-01-01,2026-01-05,Paid,83373.66,4,True,False,1.0974585976208426
INV_0413,EXP_017,France,140645.18,2023-04-18,2023-07-17,2023-07-19,Paid,140645.18,2,True,False,1.6798011091361749
INV_0414,EXP_023,Germany,104498.58,2025-08-03,2025-09-02,2025-09-02,Paid,104498.58,0,False,False,1.365504458175962
INV_0415,EXP_043,UAE,92966.13,2023-07-04,2023-08-03,2023-08-02,Paid,92966.13,-1,False,False,1.0529581327743736
INV_0416,EXP_042,USA,117218.36,2024-04-11,2024-07-10,2024-07-15,Paid,117218.36,5,True,False,1.5580817042254858
INV_0417,EXP_023,UAE,18826.7,2024-09-21,2024-11-05,2024-11-10,Paid,18826.7,5,True,False,0.2460123647875539
INV_0418,EXP_008,Singapore,56773.34,2025-09-13,2025-11-12,2025-12-24,Paid Late,56773.34,42,True,False,0.7751397880840338
INV_0419,EXP_047,Singapore,138083.29,2023-06-05,2023-07-20,2023-07-20,Paid,138083.29,0,False,False,1.486334065382479
INV_0420,EXP_004,France,128268.35,2025-02-02,2025-03-04,2025-03-01,Paid,128268.35,-3,False,False,1.5897245112706717
INV_0421,EXP_045,Germany,107578.01,2023-05-21,2023-07-05,2023-07-09,Paid,107578.01,4,True,False,1.931537150633947
INV_0422,EXP_006,Singapore,129353.5,2024-03-29,2024-05-13,2024-05-12,Paid,129353.5,-1,False,False,1.8636845340588961
INV_0423,EXP_013,Germany,12180.82,2025-04-03,2025-07-02,2025-07-05,Paid,12180.82,3,True,False,0.17843620913607294
INV_0424,EXP_022,UK,144824.64,2023-05-25,2023-07-24,,Overdue,0.0,939,True,True,1.9012520035169698
INV_0425,EXP_015,UAE,23596.79,2024-09-09,2024-12-08,2024-12-09,Paid,23596.79,1,True,False,0.296488105290619
INV_0426,EXP_045,Singapore,44142.64,2024-02-24,2024-04-24,2024-04-22,Paid,44142.64,-2,False,False,0.7925704248206497
INV_0427,EXP_041,Singapore,99131.56,2025-03-02,2025-04-16,2025-06-05,Paid Late,99131.56,50,True,False,1.1889571415990106
INV_0428,EXP_015,France,90078.96,2026-01-17,2026-04-17,2026-04-21,Paid,90078.96,4,True,False,1.1318209034766786
INV_0429,EXP_036,USA,130973.46,2023-04-06,2023-07-05,2023-07-01,Paid,130973.46,-4,False,False,1.5436856082925523
INV_0430,EXP_038,UAE,86291.08,2026-01-26,2026-03-27,2026-03-22,Paid,86291.08,-5,False,False,1.0495635296874917
INV_0431,EXP_036,USA,98588.39,2024-01-12,2024-02-26,2024-02-29,Paid,98588.39,3,True,False,1.1619871597477334
INV_0432,EXP_013,USA,15987.73,2024-11-26,2025-01-10,,Defaulted,4437.48,403,True,True,0.23420343900419408
INV_0433,EXP_020,UAE,111377.55,2025-09-18,2025-11-02,2025-11-02,Paid,111377.55,0,False,False,1.3678587417139407
INV_0434,EXP_012,Germany,31674.78,2023-04-15,2023-05-30,2023-06-03,Paid,31674.78,4,True,False,0.33766412521952527
INV_0435,EXP_015,Germany,107473.6,2025-04-19,2025-07-18,2025-07-30,Paid Late,107473.6,12,True,False,1.3503804556790084
INV_0436,EXP_002,France,27273.49,2024-08-23,2024-10-07,2024-10-08,Paid,27273.49,1,True,False,0.3273505360463014
INV_0437,EXP_034,Canada,140928.41,2024-06-14,2024-09-12,2024-09-16,Paid,140928.41,4,True,False,1.8222539051203817
INV_0438,EXP_027,USA,96179.89,2023-05-11,2023-06-10,2023-06-10,Paid,96179.89,0,False,False,1.0907005322456051
INV_0439,EXP_036,UK,82961.57,2025-07-01,2025-07-31,2025-07-31,Paid,82961.57,0,False,False,0.9778055924486928
INV_0440,EXP_033,Germany,60863.88,2024-02-02,2024-03-18,2024-04-18,Paid Late,60863.88,31,True,False,0.7885160987416898
INV_0441,EXP_050,France,97446.44,2023-08-04,2023-09-03,,Defaulted,14079.44,898,True,True,1.0598085657738405
INV_0442,EXP_026,UK,100425.36,2024-12-02,2025-03-02,2025-03-04,Paid,100425.36,2,True,False,1.3019436644157216
INV_0443,EXP_019,USA,116173.87,2026-01-16,2026-03-17,,Defaulted,7684.82,0,False,True,1.6790301116669204
INV_0444,EXP_014,Canada,68601.9,2024-03-17,2024-06-15,2024-06-12,Paid,68601.9,-3,False,False,0.7820454593417756
INV_0445,EXP_038,USA,43174.62,2024-07-17,2024-09-15,,Overdue,0.0,520,True,True,0.5251354666104096
INV_0446,EXP_003,Germany,115397.21,2025-01-08,2025-03-09,2025-03-08,Paid,115397.21,-1,False,False,1.488341003934784
INV_0447,EXP_024,USA,146895.74,2023-05-08,2023-06-22,2023-06-23,Paid,146895.74,1,True,False,1.6947776254714826
INV_0448,EXP_040,UK,60368.52,2025-12-26,2026-03-26,2026-03-29,Paid,60368.52,3,True,False,0.6275938954445378
INV_0449,EXP_003,Germany,79913.87,2025-05-11,2025-06-25,2025-06-23,Paid,79913.87,-2,False,False,1.0306929387990733
INV_0450,EXP_009,Germany,127980.89,2025-03-17,2025-05-01,2025-05-31,Paid Late,127980.89,30,True,False,1.4799549636991414
INV_0451,EXP_002,Canada,71480.23,2023-02-24,2023-03-26,2023-03-31,Paid,71480.23,5,True,False,0.8579426984670062
INV_0452,EXP_047,USA,109496.1,2025-11-30,2026-01-29,2026-02-27,Paid Late,109496.1,29,True,False,1.1786204069770243
INV_0453,EXP_004,Canada,139357.69,2023-05-09,2023-06-23,2023-06-28,Paid,139357.69,5,True,False,1.7271629020491788
INV_0454,EXP_023,UK,18823.51,2024-03-22,2024-05-21,2024-05-25,Paid,18823.51,4,True,False,0.24597068040082268
INV_0455,EXP_005,France,27033.6,2023-06-11,2023-07-26,2023-07-30,Paid,27033.6,4,True,False,0.36866711379045963
INV_0456,EXP_035,Singapore,115393.36,2023-11-14,2024-02-12,2024-04-06,Paid Late,115393.36,54,True,False,1.2451893192338361
INV_0457,EXP_047,Germany,49269.86,2023-05-07,2023-07-06,2023-08-06,Paid Late,49269.86,31,True,False,0.5303427468640528
INV_0458,EXP_014,USA,148206.36,2025-06-22,2025-07-22,2025-07-21,Paid,148206.36,-1,False,False,1.6895175043777586
INV_0459,EXP_017,USA,50726.91,2024-06-06,2024-07-21,2024-07-22,Paid,50726.91,1,True,False,0.6058587978702927
INV_0460,EXP_018,Singapore,77577.39,2024-04-11,2024-07-10,2024-08-21,Paid Late,77577.39,42,True,False,0.7858847582647531
INV_0461,EXP_048,UAE,69262.73,2024-04-29,2024-07-28,2024-08-02,Paid,69262.73,5,True,False,0.8740531144214054
INV_0462,EXP_023,Germany,135866.34,2023-02-25,2023-04-11,2023-04-15,Paid,135866.34,4,True,False,1.775393435834736
INV_0463,EXP_047,UK,18072.01,2025-03-23,2025-05-07,2025-06-28,Paid Late,18072.01,52,True,False,0.19452783963166587
INV_0464,EXP_047,Canada,65783.57,2025-02-27,2025-04-13,2025-04-28,Paid Late,65783.57,15,True,False,0.7080969828678974
INV_0465,EXP_004,UAE,106822.64,2024-12-26,2025-02-09,2025-02-06,Paid,106822.64,-3,False,False,1.3239319689279772
INV_0466,EXP_028,Germany,12604.22,2024-10-30,2024-11-29,,Overdue,0.0,445,True,True,0.12978856679023398
INV_0467,EXP_035,Canada,13489.69,2023-11-17,2024-01-01,2024-02-09,Paid Late,13489.69,39,True,False,0.14556485665878424
INV_0468,EXP_019,Germany,143163.42,2024-02-25,2024-04-10,2024-04-15,Paid,143163.42,5,True,False,2.069102915046372
INV_0469,EXP_015,USA,28562.03,2025-05-01,2025-07-30,2025-07-26,Paid,28562.03,-4,False,False,0.35887517573169136
INV_0470,EXP_015,UAE,33665.0,2026-01-14,2026-02-28,2026-04-21,Paid Late,33665.0,52,True,False,0.42299279116391203
INV_0471,EXP_039,USA,55477.93,2024-12-06,2025-01-20,2025-01-15,Paid,55477.93,-5,False,False,0.7573490116434811
INV_0472,EXP_025,UK,63746.45,2023-01-08,2023-04-08,2023-04-10,Paid,63746.45,2,True,False,0.9263737513850637
INV_0473,EXP_004,Canada,131435.36,2024-10-14,2025-01-12,,Overdue,0.0,401,True,True,1.6289756080879247
INV_0474,EXP_002,USA,33475.85,2023-04-25,2023-05-25,2023-07-07,Paid Late,33475.85,43,True,False,0.40179446935854474
INV_0475,EXP_002,UK,27693.52,2024-07-19,2024-10-17,,Defaulted,9882.69,488,True,True,0.33239195339536554
INV_0476,EXP_011,France,123076.9,2023-03-17,2023-05-01,2023-05-04,Paid,123076.9,3,True,False,1.6642363264289495
INV_0477,EXP_008,UK,127282.95,2025-08-05,2025-10-04,,Overdue,0.0,136,True,True,1.737824107049377
INV_0478,EXP_018,UK,122387.84,2024-10-15,2024-12-14,2024-12-10,Paid,122387.84,-4,False,False,1.2398295180199448
INV_0479,EXP_042,USA,147193.58,2024-01-09,2024-02-08,2024-02-05,Paid,147193.58,-3,False,False,1.9565162315651776
INV_0480,EXP_004,Singapore,49401.76,2024-12-24,2025-03-24,2025-03-25,Paid,49401.76,1,True,False,0.6122725424620417
INV_0481,EXP_043,UAE,145126.68,2025-06-28,2025-08-12,2025-08-11,Paid,145126.68,-1,False,False,1.6437418443528198
INV_0482,EXP_048,France,88962.64,2023-03-13,2023-04-12,2023-04-15,Paid,88962.64,3,True,False,1.1226538797871568
INV_0483,EXP_021,UK,83197.63,2024-11-24,2025-01-23,2025-01-25,Paid,83197.63,2,True,False,1.1041711303175565
INV_0484,EXP_033,Germany,92836.97,2023-11-28,2023-12-28,2024-01-02,Paid,92836.97,5,True,False,1.2027403675776058
INV_0485,EXP_004,UK,83889.5,2023-08-20,2023-09-19,2023-09-22,Paid,83889.5,3,True,False,1.03970460669558
INV_0486,EXP_034,Canada,109129.72,2024-10-08,2024-11-22,2024-11-17,Paid,109129.72,-5,False,False,1.411085659979374
INV_0487,EXP_022,Germany,14451.79,2023-11-22,2024-01-21,2024-01-21,Paid,14451.79,0,False,False,0.18972251332305407
INV_0488,EXP_025,UAE,79715.53,2025-02-09,2025-03-11,2025-03-08,Paid,79715.53,-3,False,False,1.1584390122077166
INV_0489,EXP_014,UAE,67867.67,2023-10-19,2024-01-17,2024-01-15,Paid,67867.67,-2,False,False,0.77367541073361
INV_0490,EXP_018,UAE,47724.52,2024-07-23,2024-09-06,2024-09-11,Paid,47724.52,5,True,False,0.48346525789925876
INV_0491,EXP_023,UAE,20082.45,2024-08-26,2024-11-24,2024-11-20,Paid,20082.45,-4,False,False,0.2624215085611292
INV_0492,EXP_031,Canada,34910.86,2023-02-05,2023-05-06,2023-05-08,Paid,34910.86,2,True,False,0.40490349376488455
INV_0493,EXP_017,UAE,120417.93,2024-05-03,2024-06-02,2024-06-28,Paid Late,120417.93,26,True,False,1.4382161718864612
INV_0494,EXP_007,Canada,112684.32,2024-12-27,2025-02-25,,Defaulted,30415.67,357,True,True,1.8696772234602042
INV_0495,EXP_036,Singapore,116619.24,2023-06-11,2023-07-11,2023-07-08,Paid,116619.24,-3,False,False,1.3745032194920646
INV_0496,EXP_037,UK,33600.2,2025-01-19,2025-03-05,2025-02-28,Paid,33600.2,-5,False,False,0.4511762981704355
INV_0497,EXP_045,USA,15672.66,2024-03-29,2024-05-13,2024-07-11,Paid Late,15672.66,59,True,False,0.28139881969609437
INV_0498,EXP_044,France,60999.87,2023-08-20,2023-09-19,2023-09-15,Paid,60999.87,-4,False,False,1.00933356611877
INV_0499,EXP_027,France,112448.55,2024-07-06,2024-09-04,2024-09-03,Paid,112448.55,-1,False,False,1.275190617656628
INV_0500,EXP_023,Canada,127088.63,2024-12-19,2025-02-17,2025-04-12,Paid Late,127088.63,54,True,False,1.6606932921813418
INV_0501,EXP_038,Canada,139415.53,2025-04-15,2025-05-15,2025-06-14,Paid Late,139415.53,30,True,False,1.6957193693722734
INV_0502,EXP_030,UAE,90170.47,2023-03-22,2023-04-21,2023-06-15,Paid Late,90170.47,55,True,False,1.151887316396241
INV_0503,EXP_030,Canada,69993.04,2025-03-23,2025-05-22,2025-05-19,Paid,69993.04,-3,False,False,0.8941296969175689
INV_0504,EXP_011,Germany,22505.78,2023-02-03,2023-03-20,2023-03-18,Paid,22505.78,-2,False,False,0.304321417184038
INV_0505,EXP_031,Canada,36367.59,2025-11-13,2026-02-11,2026-02-13,Paid,36367.59,2,True,False,0.42179895456052574
INV_0506,EXP_033,France,37104.53,2025-11-19,2025-12-19,2025-12-20,Paid,37104.53,1,True,False,0.4807041424444842
INV_0507,EXP_001,USA,49599.58,2023-09-20,2023-12-19,,Defaulted,2825.17,791,True,True,0.6561197016833197
INV_0508,EXP_020,UK,41962.51,2023-12-03,2024-02-01,2024-02-04,Paid,41962.51,3,True,False,0.5153532837430762
INV_0509,EXP_003,Germany,96174.35,2024-12-08,2025-01-22,2025-01-23,Paid,96174.35,1,True,False,1.2404132529007876
INV_0510,EXP_007,France,69666.04,2025-04-11,2025-05-11,2025-06-13,Paid Late,69666.04,33,True,False,1.1559106736116214
INV_0511,EXP_003,Canada,95040.17,2025-09-13,2025-11-12,2025-12-05,Paid Late,95040.17,23,True,False,1.225785112412445
INV_0512,EXP_002,Germany,22159.44,2023-09-15,2023-12-14,2024-01-26,Paid Late,22159.44,43,True,False,0.26596906235637063
INV_0513,EXP_001,UAE,37848.62,2023-03-21,2023-06-19,2023-06-19,Paid,37848.62,0,False,False,0.5006741037630827
INV_0514,EXP_035,USA,148793.39,2024-06-24,2024-07-24,2024-09-01,Paid Late,148793.39,39,True,False,1.605603130029273
INV_0515,EXP_041,USA,72966.04,2025-05-27,2025-07-11,2025-07-13,Paid,72966.04,2,True,False,0.8751349656173985
INV_0516,EXP_008,France,5157.97,2023-09-22,2023-12-21,2023-12-25,Paid,5157.97,4,True,False,0.07042297974267155
INV_0517,EXP_007,UAE,40126.58,2023-06-04,2023-08-03,2023-07-30,Paid,40126.58,-4,False,False,0.6657869762301779
INV_0518,EXP_047,UK,98822.25,2025-11-11,2025-12-11,2025-12-09,Paid,98822.25,-2,False,False,1.0637266579666786
INV_0519,EXP_036,UAE,34073.14,2024-10-23,2024-12-22,2025-01-18,Paid Late,34073.14,27,True,False,0.4015944592693611
INV_0520,EXP_029,Germany,77967.93,2025-11-06,2026-02-04,2026-01-31,Paid,77967.93,-4,False,False,1.0659803820860227
INV_0521,EXP_017,USA,24038.51,2023-08-24,2023-09-23,2023-09-23,Paid,24038.51,0,False,False,0.2871048674400433
INV_0522,EXP_040,Germany,142645.89,2023-06-12,2023-08-11,2023-08-07,Paid,142645.89,-4,False,False,1.4829531976972943
INV_0523,EXP_006,France,11614.63,2024-11-27,2025-01-26,2025-03-12,Paid Late,11614.63,45,True,False,0.16733993513756082
INV_0524,EXP_049,France,43664.82,2023-06-06,2023-07-21,2023-09-12,Paid Late,43664.82,53,True,False,0.7419961262965469
INV_0525,EXP_006,USA,8984.4,2023-02-27,2023-04-13,2023-06-07,Paid Late,8984.4,55,True,False,0.12944440875429536
INV_0526,EXP_010,Canada,144265.07,2025-03-11,2025-04-25,2025-04-26,Paid,144265.07,1,True,False,1.7060330188533617
INV_0527,EXP_037,UAE,77742.02,2024-07-05,2024-10-03,2024-09-28,Paid,77742.02,-5,False,False,1.043903214739554
INV_0528,EXP_026,France,98634.66,2025-05-15,2025-08-13,2025-08-16,Paid,98634.66,3,True,False,1.2787285072097208
INV_0529,EXP_014,Canada,123996.92,2024-07-27,2024-09-25,2024-09-27,Paid,123996.92,2,True,False,1.4135356055497792
INV_0530,EXP_025,Canada,110528.16,2025-06-01,2025-08-30,2025-08-29,Paid,110528.16,-1,False,False,1.6062131493265672
INV_0531,EXP_028,France,93730.41,2023-07-19,2023-09-02,2023-08-31,Paid,93730.41,-2,False,False,0.9651636974410964
INV_0532,EXP_036,Canada,114801.22,2024-04-12,2024-05-12,2024-05-07,Paid,114801.22,-5,False,False,1.3530755859120398
INV_0533,EXP_040,Singapore,58934.21,2025-07-20,2025-08-19,2025-08-23,Paid,58934.21,4,True,False,0.6126827430728207
INV_0534,EXP_022,Canada,53279.88,2025-11-06,2025-12-06,2025-12-03,Paid,53279.88,-3,False,False,0.6994561049635181
INV_0535,EXP_042,Singapore,5763.57,2024-06-23,2024-08-22,2024-09-22,Paid Late,5763.57,31,True,False,0.07661012291950581
INV_0536,EXP_035,France,94137.58,2025-08-14,2025-09-13,2025-10-14,Paid Late,94137.58,31,True,False,1.0158219602455532
INV_0537,EXP_017,USA,42269.2,2023-05-23,2023-06-22,2023-06-24,Paid,42269.2,2,True,False,0.5048438136472135
INV_0538,EXP_033,Singapore,80655.7,2023-05-07,2023-06-21,2023-06-20,Paid,80655.7,-1,False,False,1.0449271046354605
INV_0539,EXP_039,UAE,112650.31,2025-09-13,2025-10-28,2025-10-28,Paid,112650.31,0,False,False,1.5378295646544806
INV_0540,EXP_011,France,123486.32,2026-01-14,2026-02-13,2026-02-15,Paid,123486.32,2,True,False,1.669772472015705
INV_0541,EXP_025,UAE,70259.88,2023-01-15,2023-02-14,2023-02-17,Paid,70259.88,3,True,False,1.021027972655174
INV_0542,EXP_023,Singapore,40517.7,2024-01-14,2024-02-28,2024-03-01,Paid,40517.7,2,True,False,0.529453127353847
INV_0543,EXP_046,Germany,142749.6,2024-01-05,2024-04-04,2024-03-31,Paid,142749.6,-4,False,False,2.0177583617468753
INV_0544,EXP_042,Germany,61523.65,2023-12-21,2024-01-20,,Overdue,0.0,759,True,True,0.8177803668484382
INV_0545,EXP_007,UK,31097.59,2023-08-22,2023-09-21,,Defaulted,878.89,880,True,True,0.5159764528685429
INV_0546,EXP_024,Germany,18551.06,2024-12-26,2025-02-24,2025-02-23,Paid,18551.06,-1,False,False,0.21402881674294302
INV_0547,EXP_039,Singapore,52795.0,2025-01-06,2025-04-06,2025-04-02,Paid,52795.0,-4,False,False,0.7207233772009443
INV_0548,EXP_015,Singapore,69139.13,2023-05-27,2023-07-26,2023-07-24,Paid,69139.13,-2,False,False,0.8687168744198593
INV_0549,EXP_006,UK,93716.66,2025-01-14,2025-02-13,2025-02-09,Paid,93716.66,-4,False,False,1.3502401545041764
INV_0550,EXP_033,Singapore,102812.06,2025-08-05,2025-10-04,2025-09-29,Paid,102812.06,-5,False,False,1.3319716793407936
INV_0551,EXP_025,France,47812.46,2025-10-13,2025-11-12,2025-11-11,Paid,47812.46,-1,False,False,0.6948184241341802
INV_0552,EXP_008,USA,60434.77,2024-01-15,2024-04-14,2024-04-17,Paid,60434.77,3,True,False,0.8251301545885327
INV_0553,EXP_026,Singapore,57068.91,2023-09-09,2023-11-08,2023-11-10,Paid,57068.91,2,True,False,0.7398579981153268
INV_0554,EXP_036,Canada,85039.36,2025-01-21,2025-03-22,2025-03-27,Paid,85039.36,5,True,False,1.0022949395275145
INV_0555,EXP_028,Germany,116525.11,2024-05-17,2024-06-16,2024-06-15,Paid,116525.11,-1,False,False,1.1998859923084777
INV_0556,EXP_045,UK,8170.92,2023-04-04,2023-05-19,2023-06-16,Paid Late,8170.92,28,True,False,0.14670689237380324
INV_0557,EXP_019,France,32881.78,2024-06-25,2024-08-24,,Defaulted,7027.21,542,True,True,0.4752316398275026
INV_0558,EXP_005,Canada,26862.45,2026-01-27,2026-04-27,2026-05-28,Paid Late,26862.45,31,True,False,0.3663330784964094
INV_0559,EXP_046,France,11600.98,2023-10-25,2024-01-23,2024-01-28,Paid,11600.98,5,True,False,0.16397926438643798
INV_0560,EXP_022,UAE,119592.4,2025-02-11,2025-05-12,2025-05-08,Paid,119592.4,-4,False,False,1.5700041795747106
INV_0561,EXP_050,USA,123906.04,2025-01-10,2025-04-10,2025-04-15,Paid,123906.04,5,True,False,1.3475780392091912
INV_0562,EXP_050,UAE,132700.21,2025-01-06,2025-03-07,2025-03-03,Paid,132700.21,-4,False,False,1.4432217250623771
INV_0563,EXP_024,USA,139833.53,2023-02-27,2023-04-13,,Defaulted,23612.34,1041,True,True,1.613298914826906
INV_0564,EXP_037,Canada,5153.63,2026-01-20,2026-03-21,,Outstanding,0.0,0,False,False,0.06920184122535288
INV_0565,EXP_018,USA,121607.75,2024-06-13,2024-07-28,2024-07-30,Paid,121607.75,2,True,False,1.2319269469090226
INV_0566,EXP_040,Germany,61394.69,2025-06-07,2025-08-06,2025-08-06,Paid,61394.69,0,False,False,0.6382620057061167
INV_0567,EXP_035,USA,22992.69,2024-11-08,2024-12-23,2024-12-27,Paid,22992.69,4,True,False,0.24811004730648828
INV_0568,EXP_036,UAE,55854.93,2024-06-12,2024-09-10,2024-09-10,Paid,55854.93,0,False,False,0.6583200260051764
INV_0569,EXP_004,UAE,27894.12,2025-07-07,2025-09-05,2025-09-29,Paid Late,27894.12,24,True,False,0.34571245583439303
INV_0570,EXP_013,France,95853.77,2025-05-04,2025-08-02,2025-08-04,Paid,95853.77,2,True,False,1.4041569738491362
INV_0571,EXP_010,USA,113168.57,2025-08-18,2025-09-17,2025-09-13,Paid,113168.57,-4,False,False,1.3382956603176221
INV_0572,EXP_041,Germany,80720.69,2024-02-18,2024-05-18,2024-05-22,Paid,80720.69,4,True,False,0.9681421421220431
INV_0573,EXP_044,France,103104.51,2025-11-10,2025-12-10,2025-12-09,Paid,103104.51,-1,False,False,1.7060174515327389
INV_0574,EXP_036,Germany,73933.61,2024-09-23,2024-12-22,2024-12-18,Paid,73933.61,-4,False,False,0.8713998219648036
INV_0575,EXP_023,UAE,101554.16,2024-10-04,2025-01-02,2025-01-05,Paid,101554.16,3,True,False,1.3270291158627703
INV_0576,EXP_010,UAE,123417.82,2024-07-16,2024-08-30,2024-08-27,Paid,123417.82,-3,False,False,1.4595000441541448
INV_0577,EXP_010,Singapore,73167.16,2025-09-02,2025-10-02,2025-10-06,Paid,73167.16,4,True,False,0.8652516569376559
INV_0578,EXP_003,USA,63745.98,2023-10-20,2024-01-18,2024-02-23,Paid Late,63745.98,36,True,False,0.8221668086256735
INV_0579,EXP_012,UAE,63170.04,2024-04-06,2024-07-05,2024-07-01,Paid,63170.04,-4,False,False,0.6734145050630951
INV_0580,EXP_023,France,11884.9,2024-06-09,2024-07-24,2024-07-27,Paid,11884.9,3,True,False,0.15530243506634722
INV_0581,EXP_039,Singapore,66679.18,2026-01-11,2026-04-11,2026-04-06,Paid,66679.18,-5,False,False,0.9102612709269752
INV_0582,EXP_019,France,84825.03,2026-02-10,2026-03-12,2026-03-14,Paid,84825.03,2,True,False,1.2259536468316832
INV_0583,EXP_023,Germany,66767.91,2023-07-18,2023-10-16,,Defaulted,24932.94,855,True,True,0.8724700256031365
INV_0584,EXP_022,Germany,42480.14,2026-01-30,2026-03-01,2026-03-05,Paid,42480.14,4,True,False,0.5576775560062249
INV_0585,EXP_029,Germany,99647.33,2023-04-07,2023-05-22,2023-06-11,Paid Late,99647.33,20,True,False,1.3623819294324218
INV_0586,EXP_014,UAE,123930.66,2024-09-11,2024-12-10,2024-12-13,Paid,123930.66,3,True,False,1.412780257197387
INV_0587,EXP_038,France,47911.77,2023-02-09,2023-03-26,2023-03-22,Paid,47911.77,-4,False,False,0.5827537033349829
INV_0588,EXP_048,USA,25483.4,2023-09-10,2023-11-09,2023-11-04,Paid,25483.4,-5,False,False,0.321584857195875
INV_0589,EXP_013,Singapore,32135.32,2025-12-29,2026-02-27,2026-02-27,Paid,32135.32,0,False,False,0.470748658971615
INV_0590,EXP_023,USA,67473.72,2023-04-20,2023-07-19,2023-07-16,Paid,67473.72,-3,False,False,0.8816929901795467
INV_0591,EXP_018,UK,133594.65,2025-01-08,2025-02-22,2025-02-24,Paid,133594.65,2,True,False,1.3533582300295783
INV_0592,EXP_033,Canada,40407.87,2024-11-26,2025-02-24,,Defaulted,7859.46,358,True,True,0.5235002436726244
INV_0593,EXP_049,UAE,33663.99,2025-04-30,2025-06-29,2025-06-25,Paid,33663.99,-4,False,False,0.5720520587439886
INV_0594,EXP_021,UK,136762.43,2023-03-05,2023-04-19,2023-04-24,Paid,136762.43,5,True,False,1.8150652478691485
INV_0595,EXP_027,Singapore,71217.07,2026-01-19,2026-02-18,2026-02-17,Paid,71217.07,-1,False,False,0.8076168121420447
INV_0596,EXP_042,Singapore,117024.03,2025-10-05,2025-12-04,2025-11-29,Paid,117024.03,-5,False,False,1.555498644561606
INV_0597,EXP_033,Canada,68643.8,2023-12-29,2024-02-12,2024-02-08,Paid,68643.8,-4,False,False,0.8893080983138901
INV_0598,EXP_017,Germany,96942.44,2024-07-02,2024-08-16,2024-08-14,Paid,96942.44,-2,False,False,1.157835755440514
INV_0599,EXP_026,Germany,66595.66,2024-10-02,2024-11-16,2024-11-21,Paid,66595.66,5,True,False,0.8633655643811832
INV_0600,EXP_038,Canada,118494.76,2023-02-15,2023-04-01,2023-04-04,Paid,118494.76,3,True,False,1.4412588016637664
INV_0601,EXP_010,France,7921.02,2024-06-09,2024-08-08,2024-08-11,Paid,7921.02,3,True,False,0.09367147337188313
INV_0602,EXP_021,UK,97896.32,2024-07-28,2024-08-27,2024-09-10,Paid Late,97896.32,14,True,False,1.2992472298589421
INV_0603,EXP_008,UK,5584.01,2025-07-05,2025-08-19,2025-10-06,Paid Late,5584.01,48,True,False,0.07623980424718937
INV_0604,EXP_043,Singapore,127954.45,2025-06-11,2025-07-11,2025-07-08,Paid,127954.45,-3,False,False,1.449244781429236
INV_0605,EXP_050,Canada,76569.71,2025-07-15,2025-08-29,2025-08-25,Paid,76569.71,-4,False,False,0.8327573027482471
INV_0606,EXP_042,UAE,107773.39,2024-04-19,2024-06-03,2024-06-05,Paid,107773.39,2,True,False,1.4325379331476564
INV_0607,EXP_020,UAE,44010.95,2023-03-31,2023-04-30,2023-04-30,Paid,44010.95,0,False,False,0.5405107464532588
INV_0608,EXP_025,UK,63130.7,2025-07-25,2025-09-23,2025-09-20,Paid,63130.7,-3,False,False,0.9174255725074109
INV_0609,EXP_046,Germany,104864.4,2025-12-04,2026-02-02,2026-01-30,Paid,104864.4,-3,False,False,1.4822529796900938
INV_0610,EXP_034,USA,5419.58,2025-11-18,2026-01-17,2026-02-21,Paid Late,5419.58,35,True,False,0.07007707543931219
INV_0611,EXP_020,UAE,20815.3,2023-03-28,2023-04-27,2023-04-27,Paid,20815.3,0,False,False,0.2556385022511106
INV_0612,EXP_009,Germany,136405.72,2025-02-13,2025-05-14,2025-05-10,Paid,136405.72,-4,False,False,1.5773786413811879
INV_0613,EXP_009,USA,48119.55,2024-08-31,2024-09-30,2024-10-07,Paid Late,48119.55,7,True,False,0.5564484422124977
INV_0614,EXP_041,USA,18011.17,2024-02-01,2024-04-01,2024-03-28,Paid,18011.17,-4,False,False,0.2160211056907997
INV_0615,EXP_047,UK,73586.6,2023-10-22,2023-12-06,2023-12-02,Paid,73586.6,-4,False,False,0.7920891103889134
INV_0616,EXP_003,France,12958.15,2025-02-22,2025-03-24,2025-03-23,Paid,12958.15,-1,False,False,0.16712835587738664
INV_0617,EXP_042,Germany,18197.76,2024-02-28,2024-04-13,2024-04-15,Paid,18197.76,2,True,False,0.2418869954662936
INV_0618,EXP_012,UK,33710.21,2023-11-09,2023-12-09,2023-12-04,Paid,33710.21,-5,False,False,0.35936251398167546
INV_0619,EXP_007,USA,7639.85,2025-09-15,2025-12-14,2025-12-12,Paid,7639.85,-2,False,False,0.12676167842741956
INV_0620,EXP_049,USA,100614.65,2025-05-24,2025-06-23,2025-06-20,Paid,100614.65,-3,False,False,1.709744378854255
INV_0621,EXP_044,UK,100433.15,2025-08-13,2025-09-12,2025-09-14,Paid,100433.15,2,True,False,1.661815827575392
INV_0622,EXP_035,Canada,96156.98,2023-04-17,2023-07-16,2023-07-20,Paid,96156.98,4,True,False,1.0376129481434773
INV_0623,EXP_005,UAE,5288.36,2024-03-10,2024-05-09,2024-05-13,Paid,5288.36,4,True,False,0.07211930404699764
INV_0624,EXP_020,Germany,34750.17,2025-12-02,2026-01-01,2026-01-01,Paid,34750.17,0,False,False,0.4267765255255258
INV_0625,EXP_029,UAE,86464.85,2023-05-17,2023-08-15,2023-09-23,Paid Late,86464.85,39,True,False,1.1821505821689848
INV_0626,EXP_006,UAE,79074.77,2025-06-20,2025-09-18,2025-09-18,Paid,79074.77,0,False,False,1.1392844096469317
INV_0627,EXP_019,USA,27150.89,2024-11-27,2025-01-26,,Defaulted,8612.86,387,True,True,0.3924046075813457
INV_0628,EXP_046,USA,32499.45,2024-04-13,2024-07-12,,Overdue,0.0,585,True,True,0.459378078745401
INV_0629,EXP_006,UK,40058.11,2025-07-22,2025-09-20,2025-09-24,Paid,40058.11,4,True,False,0.5771446468060779
INV_0630,EXP_023,Singapore,68714.23,2024-11-03,2025-01-02,2024-12-28,Paid,68714.23,-5,False,False,0.897902989735635
INV_0631,EXP_026,Germany,142890.42,2025-04-21,2025-06-05,2025-06-10,Paid,142890.42,5,True,False,1.8524730907083782
INV_0632,EXP_046,Germany,27649.45,2023-12-27,2024-01-26,2024-01-22,Paid,27649.45,-4,False,False,0.39082357453332367
INV_0633,EXP_023,Singapore,144606.26,2026-01-22,2026-04-22,2026-04-19,Paid,144606.26,-3,False,False,1.8895997697782334
INV_0634,EXP_035,UK,48860.12,2024-03-04,2024-04-18,2024-04-16,Paid,48860.12,-2,False,False,0.5272409050268018
INV_0635,EXP_037,Singapore,108252.09,2025-08-30,2025-11-28,2025-12-01,Paid,108252.09,3,True,False,1.4535859082806895
INV_0636,EXP_013,Canada,96257.84,2023-04-06,2023-05-21,2023-05-18,Paid,96257.84,-3,False,False,1.4100761746111221
INV_0637,EXP_001,Canada,14779.44,2025-08-10,2025-10-09,2025-10-11,Paid,14779.44,2,True,False,0.19550733622838182
INV_0638,EXP_009,Germany,103861.33,2025-12-28,2026-02-11,2026-02-18,Paid Late,103861.33,7,True,False,1.2010393963496782
INV_0639,EXP_015,UK,130661.78,2023-12-06,2024-03-05,2024-03-08,Paid,130661.78,3,True,False,1.6417344726168133
INV_0640,EXP_024,UK,20469.35,2024-03-08,2024-04-22,2024-04-17,Paid,20469.35,-5,False,False,0.23616067006398342
INV_0641,EXP_035,UK,129113.54,2023-11-24,2024-02-22,2024-02-21,Paid,129113.54,-1,False,False,1.3932413526780976
INV_0642,EXP_006,France,92453.22,2023-03-28,2023-05-12,2023-05-09,Paid,92453.22,-3,False,False,1.3320369084558563
INV_0643,EXP_008,France,87803.83,2023-04-07,2023-05-22,2023-05-27,Paid,87803.83,5,True,False,1.1988063795289574
INV_0644,EXP_035,Singapore,45925.15,2025-12-14,2026-03-14,,Defaulted,2477.74,0,False,True,0.49557016334572296
INV_0645,EXP_020,UAE,113214.63,2025-03-08,2025-04-07,2025-04-04,Paid,113214.63,-3,False,False,1.3904204333405554
INV_0646,EXP_009,France,140852.52,2024-10-23,2024-12-22,2024-12-24,Paid,140852.52,2,True,False,1.628800878971326
INV_0647,EXP_021,UAE,81769.81,2026-02-01,2026-03-03,,Defaulted,4228.1,0,False,True,1.0852215806333887
INV_0648,EXP_010,Canada,105253.97,2024-03-29,2024-05-13,2024-05-10,Paid,105253.97,-3,False,False,1.24470010783207
INV_0649,EXP_012,USA,17030.83,2023-08-03,2023-10-02,2023-09-28,Paid,17030.83,-4,False,False,0.18155454635241186
INV_0650,EXP_042,France,36464.58,2023-01-29,2023-04-29,2023-04-27,Paid,36464.58,-2,False,False,0.4846919454449505
INV_0651,EXP_014,UK,111028.14,2025-10-28,2026-01-26,2026-01-28,Paid,111028.14,2,True,False,1.2656945761875833
INV_0652,EXP_019,UAE,6795.58,2024-06-15,2024-08-14,2024-08-11,Paid,6795.58,-3,False,False,0.09821471425753046
INV_0653,EXP_040,Canada,119998.52,2025-11-02,2025-12-02,2025-12-04,Paid,119998.52,2,True,False,1.247510103185887
INV_0654,EXP_008,USA,57416.98,2024-01-14,2024-04-13,2024-04-13,Paid,57416.98,0,False,False,0.7839275566599607
INV_0655,EXP_027,Germany,42635.88,2024-07-13,2024-08-12,2024-08-07,Paid,42635.88,-5,False,False,0.48350000201455573
INV_0656,EXP_013,Germany,56178.83,2025-08-11,2025-11-09,2025-12-21,Paid Late,56178.83,42,True,False,0.8229608071459794
INV_0657,EXP_009,Canada,105182.08,2025-01-14,2025-02-28,2025-03-04,Paid,105182.08,4,True,False,1.2163123837332293
INV_0658,EXP_019,UK,146372.1,2024-04-24,2024-06-23,2024-08-13,Paid Late,146372.1,51,True,False,2.115477115533137
INV_0659,EXP_048,UAE,28124.71,2023-02-23,2023-03-25,2023-03-20,Paid,28124.71,-5,False,False,0.3549165672173021
INV_0660,EXP_037,Canada,24088.43,2023-03-30,2023-05-29,2023-06-05,Paid Late,24088.43,7,True,False,0.3234542852762086
INV_0661,EXP_013,USA,85190.18,2025-08-16,2025-11-14,2025-11-18,Paid,85190.18,4,True,False,1.2479465893773733
INV_0662,EXP_036,France,89689.95,2025-03-12,2025-06-10,2025-06-06,Paid,89689.95,-4,False,False,1.0571079440329254
INV_0663,EXP_024,Singapore,55771.54,2025-10-01,2025-12-30,,Defaulted,3067.47,49,True,True,0.6434520029654217
INV_0664,EXP_023,France,51093.22,2023-03-21,2023-05-05,,Defaulted,14807.69,1019,True,True,0.6676456243957116
INV_0665,EXP_022,UAE,24974.39,2023-09-14,2023-10-29,,Overdue,0.0,842,True,True,0.3278627795940951
INV_0666,EXP_031,France,127157.73,2023-08-25,2023-10-09,2023-10-13,Paid,127157.73,4,True,False,1.4748020855462132
INV_0667,EXP_031,USA,147172.64,2025-01-02,2025-02-01,2025-02-02,Paid,147172.64,1,True,False,1.7069392195609505
INV_0668,EXP_044,USA,5082.87,2025-02-18,2025-05-19,2025-05-24,Paid,5082.87,5,True,False,0.08410364322445461
INV_0669,EXP_021,France,14056.27,2023-01-17,2023-02-16,2023-02-13,Paid,14056.27,-3,False,False,0.18655011607841188
INV_0670,EXP_031,France,140299.44,2025-04-03,2025-05-03,2025-05-08,Paid,140299.44,5,True,False,1.6272224009737026
INV_0671,EXP_026,Singapore,91343.71,2023-05-03,2023-07-02,2023-07-01,Paid,91343.71,-1,False,False,1.1842065044001535
INV_0672,EXP_037,USA,21332.0,2025-08-31,2025-10-15,2025-10-11,Paid,21332.0,-4,False,False,0.28644153286503443
INV_0673,EXP_013,USA,81497.3,2024-05-05,2024-06-04,2024-06-05,Paid,81497.3,1,True,False,1.193849779146665
INV_0674,EXP_041,USA,111256.47,2023-02-14,2023-03-16,,Overdue,0.0,1069,True,True,1.3343800355365747
INV_0675,EXP_003,UAE,69766.01,2023-03-14,2023-04-28,2023-04-28,Paid,69766.01,0,False,False,0.8998104318460053
INV_0676,EXP_037,Singapore,148972.45,2025-10-07,2025-12-06,2025-12-05,Paid,148972.45,-1,False,False,2.0003701918554144
INV_0677,EXP_022,Germany,93996.25,2024-11-20,2025-01-19,2025-01-14,Paid,93996.25,-5,False,False,1.2339789599033835
INV_0678,EXP_018,Germany,48705.8,2025-05-23,2025-06-22,2025-06-29,Paid Late,48705.8,7,True,False,0.49340595061385045
INV_0679,EXP_001,Germany,132693.39,2023-07-03,2023-09-01,2023-09-04,Paid,132693.39,3,True,False,1.755312191396548
INV_0680,EXP_037,Singapore,37639.77,2024-04-18,2024-07-17,2024-07-14,Paid,37639.77,-3,False,False,0.5054187800247204
INV_0681,EXP_036,Germany,36553.57,2025-01-09,2025-02-08,2025-02-25,Paid Late,36553.57,17,True,False,0.43082942101945226
INV_0682,EXP_047,France,136353.81,2024-10-04,2024-11-18,2024-11-22,Paid,136353.81,4,True,False,1.4677178733769316
INV_0683,EXP_013,UK,116605.06,2024-08-20,2024-10-04,2024-11-25,Paid Late,116605.06,52,True,False,1.7081415596391978
INV_0684,EXP_030,Singapore,135518.13,2023-03-09,2023-05-08,2023-05-30,Paid Late,135518.13,22,True,False,1.7311833362822322
INV_0685,EXP_012,Germany,121449.36,2025-03-07,2025-05-06,2025-05-11,Paid,121449.36,5,True,False,1.294692241047016
INV_0686,EXP_019,Singapore,7766.29,2023-12-21,2024-01-20,,Defaulted,2582.42,759,True,True,0.11224412827030456
INV_0687,EXP_029,Germany,118103.08,2025-08-03,2025-10-02,2025-10-23,Paid Late,118103.08,21,True,False,1.614709616427371
INV_0688,EXP_009,UK,76924.3,2023-07-23,2023-09-21,2023-11-08,Paid Late,76924.3,48,True,False,0.8895429592190043
INV_0689,EXP_030,UAE,126217.58,2023-02-23,2023-04-24,2023-04-25,Paid,126217.58,1,True,False,1.6123729809573784
INV_0690,EXP_049,Canada,16493.45,2025-12-14,2026-01-13,2026-02-08,Paid Late,16493.45,26,True,False,0.28027313542723364
INV_0691,EXP_001,France,31673.46,2023-03-10,2023-04-24,2023-06-19,Paid Late,31673.46,56,True,False,0.41898703832731155
INV_0692,EXP_015,UAE,133754.94,2024-05-29,2024-06-28,2024-06-23,Paid,133754.94,-5,False,False,1.6805992990512872
INV_0693,EXP_045,UK,106391.75,2024-08-01,2024-09-30,2024-09-25,Paid,106391.75,-5,False,False,1.9102381392438774
INV_0694,EXP_004,UK,100725.07,2024-10-01,2024-12-30,2025-02-18,Paid Late,100725.07,50,True,False,1.248360274989537
INV_0695,EXP_042,Germany,137549.78,2024-11-18,2024-12-18,2024-12-16,Paid,137549.78,-2,False,False,1.8283295862375197
INV_0696,EXP_037,Singapore,66254.4,2024-04-01,2024-05-31,2024-06-02,Paid,66254.4,2,True,False,0.8896499107000345
INV_0697,EXP_047,USA,145469.52,2023-04-06,2023-06-05,2023-06-10,Paid,145469.52,5,True,False,1.5658397410058655
INV_0698,EXP_048,Canada,23846.06,2023-09-30,2023-10-30,2023-11-04,Paid,23846.06,5,True,False,0.30092263197941665
INV_0699,EXP_004,USA,55343.56,2023-07-09,2023-08-08,2023-08-09,Paid,55343.56,1,True,False,0.6859136636043037
INV_0700,EXP_047,Germany,42257.43,2026-01-17,2026-02-16,2026-02-26,Paid Late,42257.43,10,True,False,0.45486066941565145
INV_0701,EXP_049,Singapore,50755.21,2025-07-17,2025-09-15,2025-09-20,Paid,50755.21,5,True,False,0.8624830975913277
INV_0702,EXP_045,Canada,57977.04,2025-12-26,2026-01-25,2026-03-16,Paid Late,57977.04,50,True,False,1.0409637308199917
INV_0703,EXP_031,UK,65639.01,2025-06-28,2025-07-28,2025-07-26,Paid,65639.01,-2,False,False,0.7612950375977043
INV_0704,EXP_036,Germany,39609.33,2025-06-16,2025-08-15,2025-08-18,Paid,39609.33,3,True,False,0.46684536451209613
INV_0705,EXP_017,Canada,102303.64,2024-06-21,2024-08-05,2024-08-10,Paid,102303.64,5,True,False,1.2218674535499046
INV_0706,EXP_018,UK,80523.5,2024-08-24,2024-10-23,2024-10-26,Paid,80523.5,3,True,False,0.8157298322633934
INV_0707,EXP_003,Germany,121567.83,2024-02-22,2024-04-07,2024-04-04,Paid,121567.83,-3,False,False,1.5679268688417436
INV_0708,EXP_035,France,111636.58,2025-10-04,2025-12-03,2026-01-17,Paid Late,111636.58,45,True,False,1.2046505713309128
INV_0709,EXP_019,UK,53873.26,2024-04-10,2024-05-25,2024-05-24,Paid,53873.26,-1,False,False,0.7786159293278345
INV_0710,EXP_024,France,105615.77,2024-04-15,2024-06-14,2024-06-09,Paid,105615.77,-5,False,False,1.2185189570027166
INV_0711,EXP_032,Canada,19554.82,2023-05-27,2023-07-26,2023-09-16,Paid Late,19554.82,52,True,False,0.23280471975202463
INV_0712,EXP_030,Canada,114264.46,2024-11-12,2024-12-12,2024-12-07,Paid,114264.46,-5,False,False,1.4596772334542076
INV_0713,EXP_010,Singapore,116158.06,2023-05-26,2023-08-24,2023-09-30,Paid Late,116158.06,37,True,False,1.3736484220743794
INV_0714,EXP_029,Germany,84726.77,2024-09-01,2024-10-16,2024-10-21,Paid,84726.77,5,True,False,1.1583874890293302
INV_0715,EXP_022,UAE,104449.34,2023-12-20,2024-02-18,2024-04-12,Paid Late,104449.34,54,True,False,1.3712067017119818
INV_0716,EXP_015,UK,139192.26,2025-03-27,2025-05-26,2025-05-25,Paid,139192.26,-1,False,False,1.7489179434371884
INV_0717,EXP_004,Germany,83742.33,2025-04-27,2025-05-27,2025-05-22,Paid,83742.33,-5,False,False,1.0378806200587853
INV_0718,EXP_018,UAE,76672.52,2025-07-04,2025-08-18,2025-08-21,Paid,76672.52,3,True,False,0.7767181242595227
INV_0719,EXP_006,UAE,23695.95,2025-10-15,2025-12-14,2025-12-15,Paid,23695.95,1,True,False,0.34140379297686496
INV_0720,EXP_024,Germany,28319.62,2025-01-25,2025-03-11,2025-03-12,Paid,28319.62,1,True,False,0.3267314514216321
INV_0721,EXP_001,UK,104977.19,2025-07-18,2025-08-17,2025-08-16,Paid,104977.19,-1,False,False,1.388673101392253
INV_0722,EXP_022,USA,47052.81,2024-10-08,2025-01-06,,Overdue,0.0,407,True,True,0.6177073824150593
INV_0723,EXP_017,France,82169.97,2024-02-29,2024-05-29,2024-06-03,Paid,82169.97,5,True,False,0.9814001926243489
INV_0724,EXP_018,UK,102323.3,2023-06-15,2023-09-13,2023-09-18,Paid,102323.3,5,True,False,1.03656905556312
INV_0725,EXP_048,UK,71294.43,2024-08-30,2024-10-14,2024-10-10,Paid,71294.43,-4,False,False,0.8996919206389768
INV_0726,EXP_034,UAE,17803.32,2024-05-13,2024-07-12,2024-07-14,Paid,17803.32,2,True,False,0.23020318893903502
INV_0727,EXP_004,UAE,87179.23,2024-01-17,2024-03-17,2024-03-20,Paid,87179.23,3,True,False,1.0804766632197536
INV_0728,EXP_049,Canada,77879.18,2023-12-23,2024-01-22,2024-01-21,Paid,77879.18,-1,False,False,1.3234006204342879
INV_0729,EXP_023,France,69366.77,2023-08-23,2023-09-22,,Defaulted,720.49,879,True,True,0.9064298642552518
INV_0730,EXP_044,UK,71162.74,2025-04-28,2025-06-12,2025-06-08,Paid,71162.74,-4,False,False,1.1774933641495111
INV_0731,EXP_016,Canada,31785.97,2023-11-15,2023-12-15,2023-12-31,Paid Late,31785.97,16,True,False,0.41840295916262016
INV_0732,EXP_030,France,145513.62,2025-01-11,2025-02-10,2025-02-12,Paid,145513.62,2,True,False,1.8588712384542565
INV_0733,EXP_028,Germany,89666.95,2024-07-02,2024-08-01,2024-07-30,Paid,89666.95,-2,False,False,0.9233213105572238
INV_0734,EXP_007,Singapore,44472.82,2024-02-25,2024-05-25,2024-05-29,Paid,44472.82,4,True,False,0.7379005226019506
INV_0735,EXP_031,Singapore,63495.26,2023-12-05,2024-01-04,2023-12-30,Paid,63495.26,-5,False,False,0.7364313744064089
INV_0736,EXP_023,Germany,58394.68,2024-09-10,2024-10-25,2024-10-20,Paid,58394.68,-5,False,False,0.7630553053807878
INV_0737,EXP_014,Germany,120020.8,2024-05-23,2024-08-21,2024-09-17,Paid Late,120020.8,27,True,False,1.3682087765290376
INV_0738,EXP_042,USA,45331.51,2024-12-18,2025-02-01,2025-01-31,Paid,45331.51,-1,False,False,0.6025523335756843
INV_0739,EXP_035,UAE,29891.38,2023-01-21,2023-02-20,,Overdue,0.0,1093,True,True,0.3225525897951139
INV_0740,EXP_047,USA,136011.51,2024-11-08,2024-12-23,2024-12-24,Paid,136011.51,1,True,False,1.4640333424638834
INV_0741,EXP_027,UK,100729.84,2024-05-19,2024-06-18,2024-07-18,Paid Late,100729.84,30,True,False,1.1422979388000405
INV_0742,EXP_046,Germany,68306.86,2023-07-27,2023-10-25,2023-10-20,Paid,68306.86,-5,False,False,0.9655140044502624
INV_0743,EXP_030,France,11147.85,2025-03-04,2025-04-18,2025-06-01,Paid Late,11147.85,44,True,False,0.1424087843845977
INV_0744,EXP_028,Singapore,38057.75,2025-02-21,2025-03-23,2025-05-17,Paid Late,38057.75,55,True,False,0.3918894487529595
INV_0745,EXP_024,France,15819.76,2024-12-13,2025-02-11,2025-02-14,Paid,15819.76,3,True,False,0.18251703751469403
INV_0746,EXP_010,Canada,55244.13,2026-02-06,2026-04-07,2026-04-03,Paid,55244.13,-4,False,False,0.6532995816508289
INV_0747,EXP_043,Germany,130485.14,2024-12-13,2025-01-27,2025-01-29,Paid,130485.14,2,True,False,1.4779080227304582
INV_0748,EXP_026,Singapore,119009.64,2024-07-12,2024-09-10,2024-09-05,Paid,119009.64,-5,False,False,1.54287569198055
INV_0749,EXP_012,UAE,102588.42,2023-09-07,2023-10-22,2023-10-21,Paid,102588.42,-1,False,False,1.0936280882441252
INV_0750,EXP_031,Canada,127155.39,2023-11-02,2024-01-01,2023-12-28,Paid,127155.39,-4,False,False,1.4747749457342634
INV_0751,EXP_017,France,115979.14,2025-08-06,2025-09-05,2025-09-06,Paid,115979.14,1,True,False,1.3852013130393783
INV_0752,EXP_017,UAE,111534.06,2025-03-15,2025-04-14,2025-05-07,Paid Late,111534.06,23,True,False,1.3321113293357134
INV_0753,EXP_030,UAE,136912.07,2024-07-30,2024-09-28,,Defaulted,17465.11,507,True,True,1.7489902946558258
INV_0754,EXP_041,Singapore,6244.69,2023-08-01,2023-08-31,2023-09-04,Paid,6244.69,4,True,False,0.0748971243120952
INV_0755,EXP_049,Canada,18128.52,2023-07-17,2023-10-15,2023-10-12,Paid,18128.52,-3,False,False,0.30805787394725265
INV_0756,EXP_050,Canada,40786.59,2025-01-04,2025-03-05,2025-03-09,Paid,40786.59,4,True,False,0.4435870356136731
INV_0757,EXP_009,France,103559.09,2024-06-17,2024-07-17,2024-08-28,Paid Late,103559.09,42,True,False,1.1975443308892921
INV_0758,EXP_050,UK,143340.25,2024-04-13,2024-05-28,,Overdue,0.0,630,True,True,1.5589407347273407
INV_0759,EXP_033,UAE,39302.88,2023-03-12,2023-05-11,2023-05-08,Paid,39302.88,-3,False,False,0.5091846528172832
INV_0760,EXP_022,USA,143079.16,2025-04-27,2025-06-11,2025-06-12,Paid,143079.16,1,True,False,1.8783374128292332
INV_0761,EXP_036,France,59814.88,2023-06-03,2023-09-01,2023-09-05,Paid,59814.88,4,True,False,0.7049929765751475
INV_0762,EXP_012,UK,100933.55,2023-09-02,2023-10-02,2023-10-03,Paid,100933.55,1,True,False,1.0759866008872427
INV_0763,EXP_005,France,122910.6,2023-06-21,2023-07-21,2023-08-21,Paid Late,122910.6,31,True,False,1.6761769115564955
INV_0764,EXP_016,Canada,55902.05,2023-09-03,2023-10-18,2023-10-19,Paid,55902.05,1,True,False,0.735846134104347
INV_0765,EXP_001,Singapore,21290.09,2025-12-24,2026-01-23,,Overdue,0.0,25,True,False,0.28163237470178226
INV_0766,EXP_046,France,23531.42,2023-09-26,2023-10-26,2023-11-19,Paid Late,23531.42,24,True,False,0.33261542917652764
INV_0767,EXP_033,USA,146008.35,2023-04-18,2023-05-18,2023-05-15,Paid,146008.35,-3,False,False,1.8915970280848216
INV_0768,EXP_004,Canada,109470.04,2025-05-10,2025-06-24,2025-06-22,Paid,109470.04,-2,False,False,1.3567431547827726
INV_0769,EXP_042,UAE,98412.26,2024-11-23,2025-02-21,2025-02-16,Paid,98412.26,-5,False,False,1.308108574266707
INV_0770,EXP_031,Singapore,122291.56,2023-04-26,2023-06-25,2023-06-20,Paid,122291.56,-5,False,False,1.418363222846931
INV_0771,EXP_028,France,143458.5,2024-02-01,2024-05-01,2024-05-02,Paid,143458.5,1,True,False,1.4772253347590554
INV_0772,EXP_026,Germany,148347.47,2024-07-17,2024-08-31,2024-08-28,Paid,148347.47,-3,False,False,1.9232198789090855
INV_0773,EXP_039,UK,29020.58,2025-01-20,2025-03-06,2025-03-10,Paid,29020.58,4,True,False,0.3961702893442595
INV_0774,EXP_025,Germany,99539.3,2023-01-17,2023-04-17,2023-04-12,Paid,99539.3,-5,False,False,1.4465212533598857
INV_0775,EXP_008,Canada,93913.13,2024-07-25,2024-09-23,2024-09-27,Paid,93913.13,4,True,False,1.2822180919161763
INV_0776,EXP_038,Singapore,84070.53,2025-07-01,2025-08-15,2025-09-28,Paid Late,84070.53,44,True,False,1.022554848189386
INV_0777,EXP_022,UAE,61775.95,2025-02-22,2025-04-08,2025-04-08,Paid,61775.95,0,False,False,0.8109921675390606
INV_0778,EXP_042,France,30087.63,2023-12-21,2024-03-20,,Defaulted,11084.76,699,True,True,0.39992869569669676
INV_0779,EXP_015,France,14138.66,2025-08-07,2025-09-21,2025-09-20,Paid,14138.66,-1,False,False,0.17764893083967195
INV_0780,EXP_033,USA,25968.56,2023-01-24,2023-03-25,2023-03-26,Paid,25968.56,1,True,False,0.33643316234751214
INV_0781,EXP_027,Canada,31164.1,2023-04-01,2023-05-01,2023-04-26,Paid,31164.1,-5,False,False,0.35340756219366914
INV_0782,EXP_038,UAE,81608.44,2024-02-13,2024-03-14,2024-03-09,Paid,81608.44,-5,False,False,0.992608301329522
INV_0783,EXP_014,USA,105184.75,2024-11-29,2025-02-27,2025-02-23,Paid,105184.75,-4,False,False,1.1990813101313496
INV_0784,EXP_036,UK,108941.08,2025-10-31,2025-11-30,2026-01-01,Paid Late,108941.08,32,True,False,1.2840065258094853
INV_0785,EXP_008,France,124314.53,2024-07-30,2024-09-13,2024-09-09,Paid,124314.53,-4,False,False,1.6972955693634773
INV_0786,EXP_004,USA,135110.42,2024-07-22,2024-08-21,2024-09-29,Paid Late,135110.42,39,True,False,1.6745233442394418
INV_0787,EXP_049,Canada,56488.89,2025-04-15,2025-05-15,2025-05-18,Paid,56488.89,3,True,False,0.9599155008263344
INV_0788,EXP_036,Singapore,140509.35,2025-02-26,2025-04-27,2025-04-24,Paid,140509.35,-3,False,False,1.6560779674411987
INV_0789,EXP_007,UAE,139181.84,2025-10-15,2025-12-14,2025-12-11,Paid,139181.84,-3,False,False,2.30932853982952
INV_0790,EXP_022,UK,15474.6,2025-05-15,2025-07-14,2025-07-16,Paid,15474.6,2,True,False,0.20314992154390096
INV_0791,EXP_048,USA,55882.36,2025-02-05,2025-05-06,2025-05-11,Paid,55882.36,5,True,False,0.7052010626670098
INV_0792,EXP_015,USA,120492.74,2023-10-04,2023-11-03,,Defaulted,7906.75,837,True,True,1.5139628815561428
INV_0793,EXP_016,Germany,62991.2,2023-10-07,2024-01-05,2024-01-15,Paid Late,62991.2,10,True,False,0.8291615603111825
INV_0794,EXP_021,Germany,32371.15,2023-06-08,2023-09-06,2023-09-10,Paid,32371.15,4,True,False,0.429619080317302
INV_0795,EXP_020,UK,144635.64,2025-06-18,2025-08-17,2025-08-22,Paid,144635.64,5,True,False,1.776310616792976
INV_0796,EXP_001,USA,77506.09,2024-06-08,2024-07-23,2024-07-18,Paid,77506.09,-5,False,False,1.0252762755136338
INV_0797,EXP_049,Singapore,144412.75,2025-12-29,2026-02-12,2026-02-09,Paid,144412.75,-3,False,False,2.4540053317025388
INV_0798,EXP_008,Singapore,101947.55,2023-07-03,2023-08-02,2023-08-02,Paid,101947.55,0,False,False,1.3919139212645664
INV_0799,EXP_025,Singapore,141667.28,2023-11-01,2023-12-31,2024-02-19,Paid Late,141667.28,50,True,False,2.058731892083688
INV_0800,EXP_042,USA,35922.7,2024-04-21,2024-06-05,2024-06-24,Paid Late,35922.7,19,True,False,0.47748920592628025
INV_0801,EXP_001,France,111987.33,2024-11-29,2025-02-27,2025-04-23,Paid Late,111987.33,55,True,False,1.4814055593194835
INV_0802,EXP_036,Canada,52591.6,2024-10-28,2024-12-12,,Overdue,0.0,432,True,True,0.6198576111303663
INV_0803,EXP_036,Canada,22656.37,2025-05-20,2025-06-19,,Overdue,0.0,243,True,True,0.26703358302629504
INV_0804,EXP_032,USA,102906.15,2025-02-05,2025-03-07,2025-03-07,Paid,102906.15,0,False,False,1.2251218580130019
INV_0805,EXP_046,UAE,58979.26,2023-02-08,2023-05-09,,Defaulted,7185.66,1015,True,True,0.8336688511536496
INV_0806,EXP_005,Canada,88770.75,2025-12-04,2026-02-02,2026-01-29,Paid,88770.75,-4,False,False,1.2105992613456753
INV_0807,EXP_048,USA,51116.43,2024-08-08,2024-09-07,2024-09-04,Paid,51116.43,-3,False,False,0.6450579530954637
INV_0808,EXP_012,Germany,139298.72,2023-08-17,2023-10-16,2023-10-14,Paid,139298.72,-2,False,False,1.484972600693662
INV_0809,EXP_048,UK,115515.62,2025-09-05,2025-10-05,2025-10-06,Paid,115515.62,1,True,False,1.4577361796931712
INV_0810,EXP_041,Germany,28460.71,2024-08-18,2024-10-17,2024-10-15,Paid,28460.71,-2,False,False,0.3413500645957592
INV_0811,EXP_008,Singapore,31586.17,2025-09-10,2025-10-25,2025-10-25,Paid,31586.17,0,False,False,0.4312534214155142
INV_0812,EXP_013,Germany,5914.85,2023-02-16,2023-04-02,2023-04-06,Paid,5914.85,4,True,False,0.08664633510785819
INV_0813,EXP_014,Germany,100850.92,2025-02-12,2025-04-13,2025-04-15,Paid,100850.92,2,True,False,1.1496766715854905
INV_0814,EXP_010,UAE,51221.38,2025-02-24,2025-05-25,2025-05-21,Paid,51221.38,-4,False,False,0.6057278144407041
INV_0815,EXP_034,UAE,23090.52,2024-05-19,2024-07-03,,Overdue,0.0,594,True,True,0.2985685444209601
INV_0816,EXP_046,Canada,33144.81,2024-07-27,2024-09-25,2024-09-23,Paid,33144.81,-2,False,False,0.468500209639897
INV_0817,EXP_047,UK,83109.54,2023-10-20,2024-01-18,,Defaulted,6526.92,761,True,True,0.8945944180520883
INV_0818,EXP_044,Germany,70261.26,2023-12-22,2024-02-20,,Defaulted,27052.68,728,True,True,1.1625770368985717
INV_0819,EXP_030,UAE,22159.76,2025-10-01,2025-12-30,2026-01-01,Paid,22159.76,2,True,False,0.283080996232855
INV_0820,EXP_050,UK,77041.04,2024-12-01,2025-01-30,2025-01-31,Paid,77041.04,1,True,False,0.8378833963367472
INV_0821,EXP_026,France,26504.81,2025-04-08,2025-05-08,2025-05-10,Paid,26504.81,2,True,False,0.3436160891635585
INV_0822,EXP_036,UAE,111507.86,2024-10-26,2024-12-25,2024-12-25,Paid,111507.86,0,False,False,1.3142592300264555
INV_0823,EXP_010,France,134204.8,2025-04-24,2025-06-23,2025-06-26,Paid,134204.8,3,True,False,1.5870634526334864
INV_0824,EXP_010,Canada,117793.31,2023-11-24,2024-01-08,2024-01-04,Paid,117793.31,-4,False,False,1.392986370574872
INV_0825,EXP_039,Canada,80866.55,2023-01-24,2023-02-23,2023-02-26,Paid,80866.55,3,True,False,1.1039381194921682
INV_0826,EXP_048,Germany,69109.29,2024-11-18,2025-01-02,2025-01-26,Paid Late,69109.29,24,True,False,0.8721167958576291
INV_0827,EXP_001,UK,57123.81,2023-09-06,2023-11-05,2023-10-31,Paid,57123.81,-5,False,False,0.7556527127087493
INV_0828,EXP_019,Canada,66279.82,2024-07-03,2024-09-01,2024-09-03,Paid,66279.82,2,True,False,0.9579246484244985
INV_0829,EXP_048,UK,147937.84,2025-03-30,2025-06-28,2025-07-03,Paid,147937.84,5,True,False,1.866884683765361
INV_0830,EXP_047,Singapore,59340.3,2026-02-13,2026-03-30,2026-04-03,Paid,59340.3,4,True,False,0.6387413664608942
INV_0831,EXP_019,Germany,27463.91,2025-09-12,2025-10-27,2025-10-27,Paid,27463.91,0,False,False,0.396928602568807
INV_0832,EXP_009,UK,123234.94,2024-01-07,2024-04-06,2024-04-10,Paid,123234.94,4,True,False,1.4250733930211446
INV_0833,EXP_039,UK,17913.8,2023-08-09,2023-09-08,,Overdue,0.0,893,True,True,0.24454767372861588
INV_0834,EXP_010,France,43848.82,2024-12-31,2025-03-31,2025-03-26,Paid,43848.82,-5,False,False,0.518542255292689
INV_0835,EXP_028,Singapore,72862.38,2025-10-26,2025-11-25,2025-11-29,Paid,72862.38,4,True,False,0.7502807689111591
INV_0836,EXP_042,Canada,80309.26,2024-01-02,2024-03-02,2024-02-28,Paid,80309.26,-3,False,False,1.067481141059196
INV_0837,EXP_003,UK,30455.43,2023-01-25,2023-03-26,2023-03-25,Paid,30455.43,-1,False,False,0.39280035679775566
INV_0838,EXP_005,Singapore,145163.61,2024-05-13,2024-08-11,2024-08-11,Paid,145163.61,0,False,False,1.9796493669398048
INV_0839,EXP_044,France,7062.55,2025-02-23,2025-04-09,2025-04-14,Paid,7062.55,5,True,False,0.11686039293841312
INV_0840,EXP_039,Germany,73408.89,2023-08-30,2023-10-29,2023-10-30,Paid,73408.89,1,True,False,1.002130942653142
INV_0841,EXP_006,USA,62365.95,2023-01-27,2023-04-27,2023-05-01,Paid,62365.95,4,True,False,0.898548987595159
INV_0842,EXP_046,Singapore,77569.78,2025-06-09,2025-08-08,2025-08-11,Paid,77569.78,3,True,False,1.096444909224723
INV_0843,EXP_030,UK,115576.35,2024-01-31,2024-03-01,2024-02-28,Paid,115576.35,-2,False,False,1.4764360398739487
INV_0844,EXP_027,Canada,115592.32,2023-05-04,2023-08-02,2023-08-03,Paid,115592.32,1,True,False,1.310841642130224
INV_0845,EXP_044,Canada,20893.06,2024-02-02,2024-04-02,2024-04-07,Paid,20893.06,5,True,False,0.3457067491608331
INV_0846,EXP_024,UK,118094.37,2025-04-07,2025-07-06,2025-07-06,Paid,118094.37,0,False,False,1.3624880882873165
INV_0847,EXP_035,USA,61383.38,2025-10-07,2025-12-06,2025-12-03,Paid,61383.38,-3,False,False,0.6623771866463709
INV_0848,EXP_029,Singapore,115485.82,2023-06-07,2023-07-07,2023-08-09,Paid Late,115485.82,33,True,False,1.5789263422681308
INV_0849,EXP_002,Singapore,44910.99,2023-12-15,2024-02-13,2024-02-17,Paid,44910.99,4,True,False,0.5390449352418806
INV_0850,EXP_048,Germany,121915.43,2025-11-24,2026-01-08,2026-01-04,Paid,121915.43,-4,False,False,1.538497851406158
INV_0851,EXP_026,Canada,69776.99,2025-08-18,2025-10-02,2025-11-30,Paid Late,69776.99,59,True,False,0.9046092545996267
INV_0852,EXP_004,USA,116550.33,2023-09-28,2023-11-12,2023-11-14,Paid,116550.33,2,True,False,1.444494424366459
INV_0853,EXP_010,UAE,10092.22,2025-07-22,2025-08-21,2025-08-17,Paid,10092.22,-4,False,False,0.11934739679904686
INV_0854,EXP_006,UAE,59690.04,2024-04-08,2024-05-23,2024-05-28,Paid,59690.04,5,True,False,0.859995318142585
INV_0855,EXP_044,UAE,43226.78,2023-09-04,2023-11-03,,Defaulted,11674.26,837,True,True,0.7152513605230884
INV_0856,EXP_014,USA,98435.79,2025-12-10,2026-01-24,2026-01-22,Paid,98435.79,-2,False,False,1.1221447599296894
INV_0857,EXP_042,UK,127145.11,2023-09-12,2023-10-12,2023-12-02,Paid Late,127145.11,51,True,False,1.6900293577963115
INV_0858,EXP_005,Singapore,31336.62,2025-04-07,2025-06-06,2025-07-31,Paid Late,31336.62,55,True,False,0.42734897502916347
INV_0859,EXP_043,USA,84733.9,2023-05-02,2023-07-01,2023-07-05,Paid,84733.9,4,True,False,0.9597177932080263
INV_0860,EXP_013,UK,75236.86,2025-10-20,2025-12-19,2025-12-20,Paid,75236.86,1,True,False,1.1021409138055929
INV_0861,EXP_022,UAE,147548.24,2025-11-04,2025-12-19,2025-12-27,Paid Late,147548.24,8,True,False,1.9370073139170425
INV_0862,EXP_040,UAE,141723.56,2025-09-20,2025-11-19,2025-11-16,Paid,141723.56,-3,False,False,1.4733646128258187
INV_0863,EXP_022,Germany,132133.85,2024-07-01,2024-09-29,2024-09-28,Paid,132133.85,-1,False,False,1.7346478268125558
INV_0864,EXP_005,France,121392.49,2025-06-03,2025-07-18,2025-07-18,Paid,121392.49,0,False,False,1.655473888943287
INV_0865,EXP_043,Canada,94165.24,2025-03-17,2025-05-01,2025-05-05,Paid,94165.24,4,True,False,1.0665395588979638
INV_0866,EXP_007,UAE,50401.65,2023-08-26,2023-11-24,2023-11-21,Paid,50401.65,-3,False,False,0.8362726689020531
INV_0867,EXP_008,Germany,91694.17,2024-06-26,2024-08-10,2024-09-21,Paid Late,91694.17,42,True,False,1.2519221081997531
INV_0868,EXP_038,USA,81132.72,2025-10-19,2025-11-18,2025-11-23,Paid,81132.72,5,True,False,0.9868220907230151
INV_0869,EXP_027,Germany,127753.66,2024-10-21,2024-11-20,2024-11-15,Paid,127753.66,-5,False,False,1.4487538398965114
INV_0870,EXP_020,Germany,149734.21,2023-01-31,2023-04-01,2023-03-28,Paid,149734.21,-4,False,False,1.8389275763574522
INV_0871,EXP_014,Singapore,135474.52,2023-05-12,2023-07-11,2023-08-25,Paid Late,135474.52,45,True,False,1.544377535061078
INV_0872,EXP_006,UAE,6475.5,2025-06-01,2025-07-16,,Overdue,0.0,216,True,True,0.09329696684124034
INV_0873,EXP_025,UK,59176.88,2025-12-19,2026-02-17,2026-02-14,Paid,59176.88,-3,False,False,0.8599680189385253
INV_0874,EXP_032,UAE,149019.55,2023-07-25,2023-09-08,2023-09-05,Paid,149019.55,-3,False,False,1.77411270343183
INV_0875,EXP_021,France,81982.55,2024-11-02,2024-12-02,2024-12-05,Paid,81982.55,3,True,False,1.0880449947891015
INV_0876,EXP_019,UK,60324.71,2025-10-04,2026-01-02,2026-02-26,Paid Late,60324.71,55,True,False,0.8718570240242026
INV_0877,EXP_014,Singapore,10675.16,2025-08-12,2025-09-11,2025-10-15,Paid Late,10675.16,34,True,False,0.12169430301124239
INV_0878,EXP_041,UK,135391.32,2025-12-21,2026-01-20,2026-01-22,Paid,135391.32,2,True,False,1.6238469043008803
INV_0879,EXP_026,Germany,42591.52,2026-02-03,2026-05-04,2026-04-30,Paid,42591.52,-4,False,False,0.5521688906251916
INV_0880,EXP_022,USA,28433.38,2024-05-22,2024-08-20,2024-09-29,Paid Late,28433.38,40,True,False,0.3732722601054581
INV_0881,EXP_010,UK,73055.48,2025-06-19,2025-09-17,2025-09-21,Paid,73055.48,4,True,False,0.8639309646346227
INV_0882,EXP_017,UAE,38054.73,2023-06-15,2023-07-15,,Defaulted,375.82,948,True,True,0.45450812933566354
INV_0883,EXP_026,Canada,67277.97,2023-10-17,2024-01-15,2024-01-19,Paid,67277.97,4,True,False,0.8722112302734188
INV_0884,EXP_031,UK,95827.21,2024-06-30,2024-08-14,2024-08-09,Paid,95827.21,-5,False,False,1.1114241278141326
INV_0885,EXP_030,France,89788.73,2024-08-08,2024-09-07,2024-09-09,Paid,89788.73,2,True,False,1.1470107590913816
INV_0886,EXP_024,UK,104244.88,2023-06-04,2023-09-02,,Defaulted,3374.82,899,True,True,1.2027026120291824
INV_0887,EXP_032,UAE,96135.33,2024-08-24,2024-09-23,2024-10-10,Paid Late,96135.33,17,True,False,1.1445136574470338
INV_0888,EXP_039,UK,146338.76,2025-04-26,2025-07-25,2025-07-26,Paid,146338.76,1,True,False,1.9977226124178136
INV_0889,EXP_046,Singapore,120598.27,2026-02-17,2026-04-18,2026-04-17,Paid,120598.27,-1,False,False,1.704650434780254
INV_0890,EXP_005,France,135411.62,2023-02-12,2023-03-29,2023-05-23,Paid Late,135411.62,55,True,False,1.8466579042040454
INV_0891,EXP_044,France,120886.27,2025-11-13,2026-01-12,2026-01-14,Paid,120886.27,2,True,False,2.0002431151721547
INV_0892,EXP_020,France,59225.53,2023-09-30,2023-11-14,2023-11-13,Paid,59225.53,-1,False,False,0.7273652449990258
INV_0893,EXP_046,USA,40847.83,2024-04-08,2024-05-23,2024-05-20,Paid,40847.83,-3,False,False,0.5773820069668487
INV_0894,EXP_004,Singapore,58245.72,2024-06-23,2024-09-21,2024-09-23,Paid,58245.72,2,True,False,0.7218822785247365
INV_0895,EXP_024,UK,125402.35,2025-03-31,2025-06-29,2025-06-30,Paid,125402.35,1,True,False,1.446802316810166
INV_0896,EXP_007,USA,60765.83,2024-05-27,2024-07-26,2024-07-26,Paid,60765.83,0,False,False,1.008236889707945
INV_0897,EXP_050,Singapore,59243.7,2023-10-19,2023-12-03,2023-12-25,Paid Late,59243.7,22,True,False,0.6443229812000897
INV_0898,EXP_034,Singapore,143699.96,2024-02-10,2024-05-10,2024-05-06,Paid,143699.96,-4,False,False,1.8580910213607222
INV_0899,EXP_039,USA,111425.13,2025-09-11,2025-10-26,2025-10-23,Paid,111425.13,-3,False,False,1.5211041954475661
INV_0900,EXP_041,Germany,44832.89,2026-01-19,2026-04-19,2026-04-16,Paid,44832.89,-3,False,False,0.5377135671427229
INV_0901,EXP_049,Germany,92178.73,2024-08-05,2024-09-19,2024-09-22,Paid,92178.73,3,True,False,1.5663928211987428
INV_0902,EXP_022,USA,15353.48,2023-09-26,2023-11-10,2023-12-21,Paid Late,15353.48,41,True,False,0.2015598630934468
INV_0903,EXP_027,Germany,137505.59,2026-02-07,2026-03-09,2026-04-29,Paid Late,137505.59,51,True,False,1.5593428127204756
INV_0904,EXP_017,Singapore,144653.79,2025-07-08,2025-09-06,2025-09-04,Paid,144653.79,-2,False,False,1.7276780966311918
INV_0905,EXP_026,France,127239.91,2023-04-05,2023-07-04,,Overdue,0.0,959,True,True,1.6495753133006108
INV_0906,EXP_045,UK,92352.92,2023-11-22,2024-01-21,2024-02-10,Paid Late,92352.92,20,True,False,1.6581743420381625
INV_0907,EXP_036,Singapore,64963.3,2023-05-31,2023-07-30,2023-07-30,Paid,64963.3,0,False,False,0.7656735286461208
INV_0908,EXP_003,UK,99448.71,2023-08-30,2023-10-14,2023-12-09,Paid Late,99448.71,56,True,False,1.2826444667199424
INV_0909,EXP_023,UK,71251.25,2025-08-18,2025-10-02,2025-09-29,Paid,71251.25,-3,False,False,0.9310547523766353
INV_0910,EXP_049,UAE,22328.2,2024-10-10,2024-11-24,2024-11-20,Paid,22328.2,-4,False,False,0.3794230208019765
INV_0911,EXP_046,France,61972.49,2025-07-06,2025-08-20,2025-08-24,Paid,61972.49,4,True,False,0.8759780055129724
INV_0912,EXP_018,UK,142860.27,2026-01-08,2026-02-07,2026-02-12,Paid,142860.27,5,True,False,1.4472220418164023
INV_0913,EXP_014,USA,109737.53,2025-02-09,2025-03-11,2025-03-15,Paid,109737.53,4,True,False,1.2509819269711464
INV_0914,EXP_026,UAE,19572.24,2025-10-14,2025-12-13,2025-12-09,Paid,19572.24,-4,False,False,0.2537402292252073
INV_0915,EXP_018,UAE,88989.91,2023-06-27,2023-08-26,2023-08-27,Paid,88989.91,1,True,False,0.9014973809811356
INV_0916,EXP_050,Canada,104596.27,2023-04-27,2023-06-11,2023-06-16,Paid,104596.27,5,True,False,1.137568728975562
INV_0917,EXP_017,UAE,35339.9,2024-08-30,2024-10-29,,Overdue,0.0,476,True,True,0.42208345296128535
INV_0918,EXP_034,Germany,41287.08,2025-12-24,2026-02-22,2026-03-15,Paid Late,41287.08,21,True,False,0.5338564648605459
INV_0919,EXP_049,USA,45029.29,2024-03-30,2024-05-14,2024-06-24,Paid Late,45029.29,41,True,False,0.7651825600078928
INV_0920,EXP_027,Canada,21194.91,2025-01-02,2025-02-16,2025-02-18,Paid,21194.91,2,True,False,0.2403548144825046
INV_0921,EXP_041,UAE,57582.53,2023-12-28,2024-03-27,2024-03-30,Paid,57582.53,3,True,False,0.6906293038749645
INV_0922,EXP_014,Singapore,109145.75,2024-11-01,2024-12-01,2024-12-06,Paid,109145.75,5,True,False,1.2442357747227497
INV_0923,EXP_015,UAE,83333.59,2025-08-21,2025-10-05,2025-10-03,Paid,83333.59,-2,False,False,1.047066919109136
INV_0924,EXP_031,Canada,42810.86,2024-03-06,2024-04-05,2024-04-05,Paid,42810.86,0,False,False,0.49652935462143716
INV_0925,EXP_021,USA,43711.98,2024-08-02,2024-10-01,2024-09-27,Paid,43711.98,-4,False,False,0.580130784555022
INV_0926,EXP_021,Germany,97955.95,2024-03-10,2024-04-09,2024-04-13,Paid,97955.95,4,True,False,1.3000386192831461
INV_0927,EXP_032,Singapore,115148.93,2023-06-24,2023-07-24,2023-09-17,Paid Late,115148.93,55,True,False,1.3708750261263207
INV_0928,EXP_003,Singapore,140575.8,2024-04-21,2024-05-21,2024-05-24,Paid,140575.8,3,True,False,1.8130830658811887
INV_0929,EXP_033,UK,60521.87,2023-07-11,2023-08-10,,Defaulted,1448.36,922,True,True,0.7840852213324506
INV_0930,EXP_039,USA,82232.12,2025-03-09,2025-06-07,2025-06-05,Paid,82232.12,-2,False,False,1.1225800026667925
INV_0931,EXP_030,Canada,103346.81,2025-12-13,2026-03-13,2026-03-09,Paid,103346.81,-4,False,False,1.3202091508341056
INV_0932,EXP_011,Germany,13733.13,2023-11-16,2023-12-16,2023-12-19,Paid,13733.13,3,True,False,0.18569832211870138
INV_0933,EXP_017,France,19795.75,2025-10-09,2025-11-08,2025-11-22,Paid Late,19795.75,14,True,False,0.23643130042694982
INV_0934,EXP_010,Germany,127313.9,2025-06-30,2025-07-30,2025-08-02,Paid,127313.9,3,True,False,1.5055738520696311
INV_0935,EXP_016,Singapore,99961.81,2023-05-11,2023-06-25,2023-06-23,Paid,99961.81,-2,False,False,1.3158106267404013
INV_0936,EXP_030,USA,83360.55,2023-08-12,2023-11-10,2023-11-15,Paid,83360.55,5,True,False,1.0648936423733255
INV_0937,EXP_021,UAE,9165.64,2025-11-12,2025-12-27,2026-01-22,Paid Late,9165.64,26,True,False,0.12164330977798056
INV_0938,EXP_040,Germany,126112.98,2023-05-25,2023-06-24,2023-06-27,Paid,126112.98,3,True,False,1.3110763090484758
INV_0939,EXP_005,France,114044.78,2023-07-11,2023-08-10,2023-08-13,Paid,114044.78,3,True,False,1.555270473983041
INV_0940,EXP_029,Canada,47794.14,2025-10-11,2025-11-25,2025-11-28,Paid,47794.14,3,True,False,0.6534432249089192
INV_0941,EXP_033,Canada,65958.32,2025-09-13,2025-10-28,2025-12-04,Paid Late,65958.32,37,True,False,0.854516622436098
INV_0942,EXP_037,Singapore,23324.0,2024-09-11,2024-10-26,2024-10-27,Paid,23324.0,1,True,False,0.3131896827556752
INV_0943,EXP_029,Singapore,9553.76,2025-07-14,2025-09-12,2025-10-31,Paid Late,9553.76,49,True,False,0.13061935510097755
INV_0944,EXP_029,Germany,60941.24,2023-03-27,2023-05-11,,Defaulted,21069.13,1013,True,True,0.833190855522213
INV_0945,EXP_023,Germany,95285.39,2024-03-16,2024-04-30,2024-04-27,Paid,95285.39,-3,False,False,1.2451138077094945
INV_0946,EXP_028,USA,84196.94,2024-12-26,2025-02-09,2025-02-09,Paid,84196.94,0,False,False,0.8669953532010171
INV_0947,EXP_012,USA,125046.53,2023-02-14,2023-03-31,2023-03-27,Paid,125046.53,-4,False,False,1.3330393191108865
INV_0948,EXP_015,UAE,88584.26,2024-11-04,2024-12-19,2024-12-24,Paid,88584.26,5,True,False,1.1130403502328734
INV_0949,EXP_006,Canada,14761.72,2024-03-16,2024-04-30,2024-05-01,Paid,14761.72,1,True,False,0.2126822177993474
INV_0950,EXP_014,Canada,63341.49,2024-09-20,2024-10-20,2024-11-01,Paid Late,63341.49,12,True,False,0.7220780276120995
INV_0951,EXP_024,Germany,139629.66,2023-03-18,2023-05-02,2023-05-03,Paid,139629.66,1,True,False,1.610946809078265
INV_0952,EXP_020,UK,59412.36,2025-09-13,2025-12-12,2025-12-07,Paid,59412.36,-5,False,False,0.7296597563140477
INV_0953,EXP_028,UAE,145867.94,2024-11-09,2024-12-24,2024-12-21,Paid,145867.94,-3,False,False,1.5020358953782023
INV_0954,EXP_019,USA,67779.25,2024-08-21,2024-10-20,2024-10-24,Paid,67779.25,4,True,False,0.9795955122799999
INV_0955,EXP_022,Germany,66991.91,2025-11-22,2026-01-21,2026-02-19,Paid Late,66991.91,29,True,False,0.8794670789924182
INV_0956,EXP_011,Singapore,123895.47,2024-06-27,2024-08-11,2024-08-10,Paid,123895.47,-1,False,False,1.6753049666833348
INV_0957,EXP_002,France,97153.43,2024-11-08,2024-12-08,2024-12-13,Paid,97153.43,5,True,False,1.1660857260745439
INV_0958,EXP_023,France,52858.04,2023-08-15,2023-11-13,2023-11-14,Paid,52858.04,1,True,False,0.6907068906624696
INV_0959,EXP_048,Canada,116007.16,2024-02-20,2024-03-21,2024-03-16,Paid,116007.16,-5,False,False,1.4639391126105237
INV_0960,EXP_027,Canada,71887.86,2023-07-02,2023-08-31,,Defaulted,10362.63,901,True,True,0.8152237142712219
INV_0961,EXP_028,UAE,14445.17,2023-10-24,2024-01-22,2024-01-22,Paid,14445.17,0,False,False,0.14874525447360362
INV_0962,EXP_037,Singapore,94959.91,2024-09-10,2024-10-25,,Overdue,0.0,480,True,True,1.2751013585751787
INV_0963,EXP_025,USA,49188.17,2025-09-05,2025-11-04,2025-10-31,Paid,49188.17,-4,False,False,0.714810465001051
INV_0964,EXP_018,Singapore,130182.7,2023-03-10,2023-04-24,2023-04-19,Paid,130182.7,-5,False,False,1.3187940419206277
INV_0965,EXP_016,USA,89679.39,2024-05-01,2024-06-15,2024-06-17,Paid,89679.39,2,True,False,1.1804617619628623
INV_0966,EXP_009,USA,91002.33,2025-10-20,2025-11-19,2025-11-23,Paid,91002.33,4,True,False,1.052339532813745
INV_0967,EXP_038,UK,115208.58,2025-05-15,2025-07-14,,Overdue,0.0,218,True,True,1.401288799202464
INV_0968,EXP_035,Singapore,83626.66,2024-08-18,2024-10-17,2024-10-13,Paid,83626.66,-4,False,False,0.9024004833137668
INV_0969,EXP_033,Germany,29130.66,2024-04-22,2024-07-21,2024-09-16,Paid Late,29130.66,57,True,False,0.37739944244386975
INV_0970,EXP_004,Canada,36490.05,2023-02-05,2023-04-06,2023-04-25,Paid Late,36490.05,19,True,False,0.45224817269803796
INV_0971,EXP_008,USA,100562.56,2025-12-30,2026-01-29,2026-01-27,Paid,100562.56,-2,False,False,1.3730043264600593
INV_0972,EXP_027,UK,61733.95,2023-07-17,2023-08-16,2023-08-11,Paid,61733.95,-5,False,False,0.7000762022354524
INV_0973,EXP_008,USA,17466.54,2025-03-29,2025-04-28,2025-04-26,Paid,17466.54,-2,False,False,0.23847478612604617
INV_0974,EXP_029,Singapore,89507.04,2024-09-22,2024-10-22,2024-10-25,Paid,89507.04,3,True,False,1.2237435147834363
INV_0975,EXP_011,Germany,27201.37,2025-01-07,2025-04-07,2025-04-10,Paid,27201.37,3,True,False,0.36781482213668554
INV_0976,EXP_025,UK,44127.53,2025-02-17,2025-04-18,2025-05-23,Paid Late,44127.53,35,True,False,0.6412684236605637
INV_0977,EXP_048,France,85514.12,2023-10-31,2024-01-29,2024-03-19,Paid Late,85514.12,50,True,False,1.0791356753192634
INV_0978,EXP_021,Germany,96534.73,2023-09-23,2023-12-22,2023-12-23,Paid,96534.73,1,True,False,1.2811766625924337
INV_0979,EXP_006,Canada,63031.29,2024-12-07,2025-03-07,2025-04-24,Paid Late,63031.29,48,True,False,0.9081349970026412
INV_0980,EXP_017,USA,61268.94,2023-12-20,2024-01-19,2024-01-14,Paid,61268.94,-5,False,False,0.7317679380665427
INV_0981,EXP_002,USA,146931.68,2026-02-05,2026-03-07,2026-03-02,Paid,146931.68,-5,False,False,1.763550033757455
INV_0982,EXP_021,Germany,12143.76,2023-01-20,2023-02-19,2023-02-22,Paid,12143.76,3,True,False,0.16116792275819794
INV_0983,EXP_031,Canada,29605.17,2023-02-24,2023-05-25,2023-05-22,Paid,29605.17,-3,False,False,0.3433669857031121
INV_0984,EXP_046,Germany,140818.94,2024-11-20,2025-01-04,2025-01-06,Paid,140818.94,2,True,False,1.9904685804887126
INV_0985,EXP_034,France,96857.54,2026-01-11,2026-04-11,2026-04-12,Paid,96857.54,1,True,False,1.2524020565147478
INV_0986,EXP_001,UAE,82189.0,2023-10-24,2024-01-22,,Overdue,0.0,757,True,True,1.0872233628117487
INV_0987,EXP_011,France,84194.17,2024-10-29,2024-11-28,2024-12-06,Paid Late,84194.17,8,True,False,1.1384670574862907
INV_0988,EXP_022,UK,95307.53,2023-08-12,2023-11-10,2023-11-14,Paid,95307.53,4,True,False,1.251193390591226
INV_0989,EXP_017,UAE,37977.3,2024-08-30,2024-10-29,2024-11-01,Paid,37977.3,3,True,False,0.4535833411567838
INV_0990,EXP_041,UK,12644.15,2023-07-02,2023-08-16,2023-08-20,Paid,12644.15,4,True,False,0.15165051817956995
INV_0991,EXP_027,UK,114710.72,2023-06-28,2023-08-27,2023-08-27,Paid,114710.72,0,False,False,1.3008441094939553
INV_0992,EXP_005,USA,22177.47,2023-10-17,2024-01-15,2024-01-20,Paid,22177.47,5,True,False,0.3024422887101424
INV_0993,EXP_018,USA,139788.05,2024-05-23,2024-07-07,2024-07-11,Paid,139788.05,4,True,False,1.4160994315811761
INV_0994,EXP_005,Germany,6794.4,2023-07-24,2023-09-22,,Overdue,0.0,879,True,True,0.09265772364531172
INV_0995,EXP_013,France,122269.73,2024-02-24,2024-05-24,2024-05-26,Paid,122269.73,2,True,False,1.79112302072366
INV_0996,EXP_004,Canada,52568.83,2024-05-17,2024-07-01,2024-06-27,Paid,52568.83,-4,False,False,0.6515243829036627
INV_0997,EXP_013,UAE,135812.18,2025-06-22,2025-08-06,,Overdue,0.0,195,True,True,1.989505678082919
INV_0998,EXP_015,UK,35196.05,2024-04-07,2024-07-06,2024-07-07,Paid,35196.05,1,True,False,0.4422300735911067
INV_0999,EXP_007,UK,8367.15,2025-04-20,2025-07-19,2025-07-28,Paid Late,8367.15,9,True,False,0.13882916256915823
INV_1000,EXP_032,USA,109898.86,2023-08-09,2023-10-08,2023-10-06,Paid,109898.86,-2,False,False,1.3083717110853994
