invoice_id,exporter_id,importer_country,invoice_amount,risk_score,risk_category,risk_explanation,default_rate_raw,avg_delay_raw,volatility_raw,country_risk_raw
INV_0001,EXP_024,USA,106273.05,86.29,High,Risk Drivers: High historical default rate (21.1%); Frequent payment delays (157.2 days avg),0.2105263157894736,157.21052631578948,1.226102181932656,0.10714285714285714
INV_0002,EXP_032,USA,138028.18,33.94,Medium,Standard risk profile. No major red flags.,0.0476190476190476,28.714285714285715,1.6432578649551368,0.10714285714285714
INV_0003,EXP_046,Germany,73426.73,58.45,Medium,Risk Drivers: High historical default rate (15.8%),0.1578947368421052,103.63157894736842,1.0378831074358887,0.06289308176100629
INV_0004,EXP_022,UAE,77535.36,59.0,Medium,Risk Drivers: High-risk importer country (UAE),0.12,96.52,1.0178810632183135,0.13286713286713286
INV_0005,EXP_010,UK,97121.17,26.88,Low,Standard risk profile. No major red flags.,0.0357142857142857,35.714285714285715,1.1485241912659143,0.09210526315789473
INV_0006,EXP_026,France,105839.41,38.72,Medium,Standard risk profile. No major red flags.,0.0833333333333333,64.125,1.372132988071917,0.05755395683453238
INV_0007,EXP_020,Singapore,128137.89,32.66,Medium,Standard risk profile. No major red flags.,0.0555555555555555,34.611111111111114,1.573697149751268,0.08196721311475409
INV_0008,EXP_019,UAE,109299.17,76.12,High,Risk Drivers: High historical default rate (19.0%); High-risk importer country (UAE),0.1904761904761904,91.47619047619048,1.579671897047087,0.13286713286713286
INV_0009,EXP_021,UAE,111532.03,31.24,Medium,Risk Drivers: High-risk importer country (UAE),0.0476190476190476,4.238095238095238,1.4802158142210498,0.13286713286713286
INV_0010,EXP_011,UAE,73745.64,17.89,Low,Risk Drivers: High-risk importer country (UAE),0.0,2.923076923076923,0.9971828426272664,0.13286713286713286
INV_0011,EXP_017,UK,92246.87,42.28,Medium,Standard risk profile. No major red flags.,0.0869565217391304,66.95652173913044,1.1017540348011965,0.09210526315789473
INV_0012,EXP_006,Canada,94439.25,25.52,Low,Standard risk profile. No major red flags.,0.0555555555555555,20.61111111111111,1.360651003901105,0.06206896551724138
INV_0013,EXP_006,Germany,120741.83,28.81,Low,Standard risk profile. No major red flags.,0.0555555555555555,20.61111111111111,1.7396103018856732,0.06289308176100629
INV_0014,EXP_040,USA,101138.82,14.82,Low,Standard risk profile. No major red flags.,0.0,2.375,1.0514437992593482,0.10714285714285714
INV_0015,EXP_015,France,68629.21,24.48,Low,Standard risk profile. No major red flags.,0.0476190476190476,47.714285714285715,0.8623098497927897,0.05755395683453238
INV_0016,EXP_041,Germany,132064.19,58.4,Medium,Risk Drivers: Frequent payment delays (119.2 days avg),0.1176470588235294,119.17647058823528,1.5839422061953696,0.06289308176100629
INV_0017,EXP_032,Germany,34350.19,17.71,Low,Standard risk profile. No major red flags.,0.0476190476190476,28.714285714285715,0.4089470706648693,0.06289308176100629
INV_0018,EXP_021,UK,13530.48,14.92,Low,Standard risk profile. No major red flags.,0.0476190476190476,4.238095238095238,0.1795720069831207,0.09210526315789473
INV_0019,EXP_023,Singapore,11132.4,57.47,Medium,Risk Drivers: Frequent payment delays (138.9 days avg),0.1428571428571428,138.89285714285714,0.1454693626477802,0.08196721311475409
INV_0020,EXP_033,Germany,40887.3,35.96,Medium,Standard risk profile. No major red flags.,0.0952380952380952,71.0,0.5297114525738599,0.06289308176100629
INV_0021,EXP_033,Germany,113745.98,43.88,Medium,Standard risk profile. No major red flags.,0.0952380952380952,71.0,1.4736250202443597,0.06289308176100629
INV_0022,EXP_028,Germany,139592.41,47.92,Medium,Standard risk profile. No major red flags.,0.1052631578947368,83.57894736842105,1.43741531238702,0.06289308176100629
INV_0023,EXP_036,Singapore,63697.15,53.03,Medium,Standard risk profile. No major red flags.,0.1333333333333333,99.1,0.7507503714435882,0.08196721311475409
INV_0024,EXP_030,USA,15641.97,36.39,Medium,Standard risk profile. No major red flags.,0.1,52.5,0.1998191519513041,0.10714285714285714
INV_0025,EXP_040,USA,13302.85,7.16,Low,Standard risk profile. No major red flags.,0.0,2.375,0.1382970371315111,0.10714285714285714
INV_0026,EXP_005,Germany,117828.85,43.43,Medium,Standard risk profile. No major red flags.,0.0909090909090909,67.18181818181819,1.6068752238232793,0.06289308176100629
INV_0027,EXP_035,UAE,105965.68,42.22,Medium,Risk Drivers: High-risk importer country (UAE),0.074074074074074,49.51851851851852,1.1434568933719456,0.13286713286713286
INV_0028,EXP_037,Germany,55551.39,45.48,Medium,Standard risk profile. No major red flags.,0.1363636363636363,70.45454545454545,0.7459321819043383,0.06289308176100629
INV_0029,EXP_005,UAE,96543.39,50.29,Medium,Risk Drivers: High-risk importer country (UAE),0.0909090909090909,67.18181818181819,1.3165976024964017,0.13286713286713286
INV_0030,EXP_043,Germany,18193.73,35.71,Medium,Risk Drivers: High historical default rate (15.0%),0.15,30.0,0.2060668328239661,0.06289308176100629
INV_0031,EXP_037,USA,6153.16,45.8,Medium,Standard risk profile. No major red flags.,0.1363636363636363,70.45454545454545,0.0826233162555698,0.10714285714285714
INV_0032,EXP_023,UAE,106896.01,74.73,High,Risk Drivers: Frequent payment delays (138.9 days avg); High-risk importer country (UAE),0.1428571428571428,138.89285714285714,1.3968321695493109,0.13286713286713286
INV_0033,EXP_022,Canada,11587.11,42.34,Medium,Standard risk profile. No major red flags.,0.12,96.52,0.1521151104015968,0.06206896551724138
INV_0034,EXP_010,USA,58930.52,25.09,Low,Standard risk profile. No major red flags.,0.0357142857142857,35.714285714285715,0.6968936620499917,0.10714285714285714
INV_0035,EXP_039,Canada,27196.97,18.5,Low,Standard risk profile. No major red flags.,0.0416666666666666,40.833333333333336,0.3712755387448199,0.06206896551724138
INV_0036,EXP_034,USA,39830.92,35.22,Medium,Standard risk profile. No major red flags.,0.0769230769230769,55.46153846153846,0.5150278039363213,0.10714285714285714
INV_0037,EXP_002,USA,89347.62,35.29,Medium,Standard risk profile. No major red flags.,0.0625,45.8125,1.072396356368812,0.10714285714285714
INV_0038,EXP_013,Singapore,9478.97,47.37,Medium,Risk Drivers: High historical default rate (15.8%),0.1578947368421052,72.26315789473684,0.1388569466845878,0.08196721311475409
INV_0039,EXP_012,Canada,43084.33,4.05,Low,Standard risk profile. No major red flags.,0.0,3.3157894736842106,0.4592938798665484,0.06206896551724138
INV_0040,EXP_045,UK,35021.36,28.47,Low,Standard risk profile. No major red flags.,0.0555555555555555,46.94444444444444,0.6288000485017866,0.09210526315789473
INV_0041,EXP_026,Germany,83056.38,36.96,Medium,Standard risk profile. No major red flags.,0.0833333333333333,64.125,1.0767671405938166,0.06289308176100629
INV_0042,EXP_017,Canada,53485.09,34.41,Medium,Standard risk profile. No major red flags.,0.0869565217391304,66.95652173913044,0.6388012266346286,0.06206896551724138
INV_0043,EXP_042,UK,35408.85,42.39,Medium,Standard risk profile. No major red flags.,0.1,82.05,0.470659044817421,0.09210526315789473
INV_0044,EXP_012,Canada,130725.32,11.89,Low,Standard risk profile. No major red flags.,0.0,3.3157894736842106,1.3935771873346088,0.06206896551724138
INV_0045,EXP_009,USA,90852.39,28.65,Low,Standard risk profile. No major red flags.,0.0526315789473684,22.157894736842103,1.050605645455585,0.10714285714285714
INV_0046,EXP_034,Singapore,137921.9,42.52,Medium,Standard risk profile. No major red flags.,0.0769230769230769,55.46153846153846,1.7833786734457782,0.08196721311475409
INV_0047,EXP_038,France,79897.81,40.24,Medium,Standard risk profile. No major red flags.,0.1176470588235294,55.64705882352941,0.9718018070685936,0.05755395683453238
INV_0048,EXP_036,UAE,128119.19,66.16,Medium,Risk Drivers: High-risk importer country (UAE),0.1333333333333333,99.1,1.5100444757976088,0.13286713286713286
INV_0049,EXP_035,Singapore,98811.66,34.81,Medium,Standard risk profile. No major red flags.,0.074074074074074,49.51851851851852,1.0662591300553628,0.08196721311475409
INV_0050,EXP_004,France,93721.31,39.23,Medium,Standard risk profile. No major red flags.,0.1111111111111111,48.629629629629626,1.1615574982869672,0.05755395683453238
INV_0051,EXP_049,USA,44789.71,35.87,Medium,Standard risk profile. No major red flags.,0.0588235294117647,65.88235294117646,0.7611113779455797,0.10714285714285714
INV_0052,EXP_024,Canada,35613.65,73.46,High,Risk Drivers: High historical default rate (21.1%); Frequent payment delays (157.2 days avg),0.2105263157894736,157.21052631578948,0.4108847348559765,0.06206896551724138
INV_0053,EXP_034,France,94754.56,34.6,Medium,Standard risk profile. No major red flags.,0.0769230769230769,55.46153846153846,1.2252097855071489,0.05755395683453238
INV_0054,EXP_027,UK,79060.83,33.89,Medium,Standard risk profile. No major red flags.,0.0588235294117647,60.11764705882353,0.8965667288741888,0.09210526315789473
INV_0055,EXP_039,UK,67041.64,27.05,Low,Standard risk profile. No major red flags.,0.0416666666666666,40.833333333333336,0.9152093416779982,0.09210526315789473
INV_0056,EXP_029,USA,8935.98,42.02,Medium,Standard risk profile. No major red flags.,0.0833333333333333,101.25,0.1221730444134281,0.10714285714285714
INV_0057,EXP_037,UK,16264.06,44.94,Medium,Standard risk profile. No major red flags.,0.1363636363636363,70.45454545454545,0.2183903186297061,0.09210526315789473
INV_0058,EXP_012,France,61278.82,5.08,Low,Standard risk profile. No major red flags.,0.0,3.3157894736842106,0.6532534448474386,0.05755395683453238
INV_0059,EXP_033,Singapore,134432.22,48.66,Medium,Standard risk profile. No major red flags.,0.0952380952380952,71.0,1.741623597765778,0.08196721311475409
INV_0060,EXP_008,USA,93379.27,30.28,Medium,Standard risk profile. No major red flags.,0.0555555555555555,18.0,1.274929175546864,0.10714285714285714
INV_0061,EXP_010,UK,131152.43,30.26,Medium,Standard risk profile. No major red flags.,0.0357142857142857,35.714285714285715,1.550967091915279,0.09210526315789473
INV_0062,EXP_004,Singapore,94340.21,42.54,Medium,Standard risk profile. No major red flags.,0.1111111111111111,48.629629629629626,1.1692279836407231,0.08196721311475409
INV_0063,EXP_001,Canada,70502.38,55.4,Medium,Risk Drivers: Frequent payment delays (114.1 days avg),0.1363636363636363,114.0909090909091,0.9326288757599166,0.06206896551724138
INV_0064,EXP_010,France,27027.22,15.35,Low,Standard risk profile. No major red flags.,0.0357142857142857,35.714285714285715,0.3196153422849616,0.05755395683453238
INV_0065,EXP_039,France,12025.02,16.16,Low,Standard risk profile. No major red flags.,0.0416666666666666,40.833333333333336,0.1641578373957552,0.05755395683453238
INV_0066,EXP_006,UK,116720.24,32.2,Medium,Standard risk profile. No major red flags.,0.0555555555555555,20.61111111111111,1.6816684983370571,0.09210526315789473
INV_0067,EXP_014,Germany,51465.16,16.62,Low,Standard risk profile. No major red flags.,0.0416666666666666,21.25,0.5866906702627476,0.06289308176100629
INV_0068,EXP_043,Canada,131983.47,46.41,Medium,Risk Drivers: High historical default rate (15.0%),0.15,30.0,1.4948784909975552,0.06206896551724138
INV_0069,EXP_019,USA,53861.91,65.99,Medium,Risk Drivers: High historical default rate (19.0%),0.1904761904761904,91.47619047619048,0.7784518907900169,0.10714285714285714
INV_0070,EXP_050,UAE,118629.5,70.45,High,Risk Drivers: Frequent payment delays (121.4 days avg); High-risk importer country (UAE),0.1428571428571428,121.42857142857144,1.290191414416656,0.13286713286713286
INV_0071,EXP_012,Singapore,98649.57,11.66,Low,Standard risk profile. No major red flags.,0.0,3.3157894736842106,1.0516385830409027,0.08196721311475409
INV_0072,EXP_007,UK,100729.66,75.7,High,Risk Drivers: High historical default rate (19.0%); Frequent payment delays (113.3 days avg),0.1904761904761904,113.28571428571428,1.6713234905166077,0.09210526315789473
INV_0073,EXP_028,France,114926.2,45.08,Medium,Standard risk profile. No major red flags.,0.1052631578947368,83.57894736842105,1.183421646452362,0.05755395683453238
INV_0074,EXP_036,UAE,135679.93,66.91,Medium,Risk Drivers: High-risk importer country (UAE),0.1333333333333333,99.1,1.5991572283051918,0.13286713286713286
INV_0075,EXP_017,UK,99683.55,43.03,Medium,Standard risk profile. No major red flags.,0.0869565217391304,66.95652173913044,1.190574308004237,0.09210526315789473
INV_0076,EXP_045,Canada,7467.27,20.33,Low,Standard risk profile. No major red flags.,0.0555555555555555,46.94444444444444,0.1340730268092368,0.06206896551724138
INV_0077,EXP_032,UAE,38411.03,27.41,Low,Risk Drivers: High-risk importer country (UAE),0.0476190476190476,28.714285714285715,0.4572923235568832,0.13286713286713286
INV_0078,EXP_032,UK,95232.74,27.67,Low,Standard risk profile. No major red flags.,0.0476190476190476,28.714285714285715,1.133768111745208,0.09210526315789473
INV_0079,EXP_045,Germany,59643.33,28.3,Low,Standard risk profile. No major red flags.,0.0555555555555555,46.94444444444444,1.0708815647595658,0.06289308176100629
INV_0080,EXP_050,Germany,73145.81,57.01,Medium,Risk Drivers: Frequent payment delays (121.4 days avg),0.1428571428571428,121.42857142857144,0.7955196309733412,0.06289308176100629
INV_0081,EXP_021,UK,106038.78,25.22,Low,Standard risk profile. No major red flags.,0.0476190476190476,4.238095238095238,1.4073112367515122,0.09210526315789473
INV_0082,EXP_003,Canada,96103.6,11.62,Low,Standard risk profile. No major red flags.,0.0,8.619047619047619,1.239500751411121,0.06206896551724138
INV_0083,EXP_048,Germany,115832.49,43.87,Medium,Standard risk profile. No major red flags.,0.0909090909090909,75.72727272727273,1.4617348844852969,0.06289308176100629
INV_0084,EXP_010,Canada,143615.39,27.51,Low,Standard risk profile. No major red flags.,0.0357142857142857,35.714285714285715,1.6983501089730375,0.06206896551724138
INV_0085,EXP_004,USA,87920.43,45.22,Medium,Standard risk profile. No major red flags.,0.1111111111111111,48.629629629629626,1.0896629029098548,0.10714285714285714
INV_0086,EXP_036,Canada,79443.15,51.95,Medium,Standard risk profile. No major red flags.,0.1333333333333333,99.1,0.9363366237131284,0.06206896551724138
INV_0087,EXP_012,UAE,141774.29,22.28,Low,Risk Drivers: High-risk importer country (UAE),0.0,3.3157894736842106,1.5113630342963489,0.13286713286713286
INV_0088,EXP_032,UK,62281.32,24.38,Low,Standard risk profile. No major red flags.,0.0476190476190476,28.714285714285715,0.741473726088308,0.09210526315789473
INV_0089,EXP_005,USA,43950.39,40.86,Medium,Standard risk profile. No major red flags.,0.0909090909090909,67.18181818181819,0.5993675807611668,0.10714285714285714
INV_0090,EXP_020,Canada,112093.92,28.37,Low,Standard risk profile. No major red flags.,0.0555555555555555,34.611111111111114,1.3766566813956953,0.06206896551724138
INV_0091,EXP_036,Singapore,102708.44,56.89,Medium,Standard risk profile. No major red flags.,0.1333333333333333,99.1,1.210547088533655,0.08196721311475409
INV_0092,EXP_015,UK,13567.84,23.27,Low,Standard risk profile. No major red flags.,0.0476190476190476,47.714285714285715,0.1704767120649152,0.09210526315789473
INV_0093,EXP_016,Singapore,76233.08,11.29,Low,Standard risk profile. No major red flags.,0.0,3.5,1.003466191470034,0.08196721311475409
INV_0094,EXP_039,USA,106780.38,33.6,Medium,Standard risk profile. No major red flags.,0.0416666666666666,40.833333333333336,1.4576970563954952,0.10714285714285714
INV_0095,EXP_042,Canada,11928.53,35.79,Medium,Standard risk profile. No major red flags.,0.1,82.05,0.1585555739843556,0.06206896551724138
INV_0096,EXP_038,France,56463.81,37.85,Medium,Standard risk profile. No major red flags.,0.1176470588235294,55.64705882352941,0.6867726736437172,0.05755395683453238
INV_0097,EXP_037,Canada,124478.54,53.14,Medium,Standard risk profile. No major red flags.,0.1363636363636363,70.45454545454545,1.6714712078755627,0.06206896551724138
INV_0098,EXP_025,UK,60483.25,30.41,Medium,Standard risk profile. No major red flags.,0.0454545454545454,56.04545454545455,0.8789523996781101,0.09210526315789473
INV_0099,EXP_032,UK,142679.76,32.4,Medium,Standard risk profile. No major red flags.,0.0476190476190476,28.714285714285715,1.6986360161375116,0.09210526315789473
INV_0100,EXP_050,UAE,32652.85,62.61,Medium,Risk Drivers: Frequent payment delays (121.4 days avg); High-risk importer country (UAE),0.1428571428571428,121.42857142857144,0.3551260582421312,0.13286713286713286
INV_0101,EXP_025,USA,15055.85,26.87,Low,Standard risk profile. No major red flags.,0.0454545454545454,56.04545454545455,0.2187940543322932,0.10714285714285714
INV_0102,EXP_026,Canada,116862.54,40.52,Medium,Standard risk profile. No major red flags.,0.0833333333333333,64.125,1.5150400612009638,0.06206896551724138
INV_0103,EXP_043,Canada,133211.36,46.52,Medium,Risk Drivers: High historical default rate (15.0%),0.15,30.0,1.508785886751819,0.06206896551724138
INV_0104,EXP_001,USA,40902.07,58.1,Medium,Risk Drivers: Frequent payment delays (114.1 days avg),0.1363636363636363,114.0909090909091,0.5410661535164261,0.10714285714285714
INV_0105,EXP_019,Singapore,64103.9,63.89,Medium,Risk Drivers: High historical default rate (19.0%),0.1904761904761904,91.47619047619048,0.9264766541330258,0.08196721311475409
INV_0106,EXP_043,France,75371.23,40.43,Medium,Risk Drivers: High historical default rate (15.0%),0.15,30.0,0.8536738014770309,0.05755395683453238
INV_0107,EXP_043,UAE,20635.33,45.23,Medium,Risk Drivers: High historical default rate (15.0%); High-risk importer country (UAE),0.15,30.0,0.2337210180307926,0.13286713286713286
INV_0108,EXP_040,Singapore,147305.75,15.5,Low,Standard risk profile. No major red flags.,0.0,2.375,1.531397315420011,0.08196721311475409
INV_0109,EXP_012,UK,139302.03,16.64,Low,Standard risk profile. No major red flags.,0.0,3.3157894736842106,1.4850078864400658,0.09210526315789473
INV_0110,EXP_007,USA,57709.16,71.71,High,Risk Drivers: High historical default rate (19.0%); Frequent payment delays (113.3 days avg),0.1904761904761904,113.28571428571428,0.9575201060539804,0.10714285714285714
INV_0111,EXP_042,France,129300.92,48.27,Medium,Standard risk profile. No major red flags.,0.1,82.05,1.7186846650262226,0.05755395683453238
INV_0112,EXP_040,UAE,42566.32,13.13,Low,Risk Drivers: High-risk importer country (UAE),0.0,2.375,0.442521409892751,0.13286713286713286
INV_0113,EXP_041,UK,108787.82,59.93,Medium,Risk Drivers: Frequent payment delays (119.2 days avg),0.1176470588235294,119.17647058823528,1.3047717145577824,0.09210526315789473
INV_0114,EXP_026,Germany,146667.83,43.87,Medium,Standard risk profile. No major red flags.,0.0833333333333333,64.125,1.901444535942934,0.06289308176100629
INV_0115,EXP_050,France,75845.05,56.55,Medium,Risk Drivers: Frequent payment delays (121.4 days avg),0.1428571428571428,121.42857142857144,0.8248760412545109,0.05755395683453238
INV_0116,EXP_035,Canada,140484.33,35.94,Medium,Standard risk profile. No major red flags.,0.074074074074074,49.51851851851852,1.5159415345538216,0.06206896551724138
INV_0117,EXP_024,France,113062.67,80.36,High,Risk Drivers: High historical default rate (21.1%); Frequent payment delays (157.2 days avg),0.2105263157894736,157.21052631578948,1.304435944786866,0.05755395683453238
INV_0118,EXP_005,UK,120172.18,47.58,Medium,Standard risk profile. No major red flags.,0.0909090909090909,67.18181818181819,1.638832074104359,0.09210526315789473
INV_0119,EXP_041,UAE,119931.37,66.47,Medium,Risk Drivers: Frequent payment delays (119.2 days avg); High-risk importer country (UAE),0.1176470588235294,119.17647058823528,1.4384244418553822,0.13286713286713286
INV_0120,EXP_037,Germany,142616.79,55.29,Medium,Standard risk profile. No major red flags.,0.1363636363636363,70.45454545454545,1.9150277489166847,0.06289308176100629
INV_0121,EXP_026,Singapore,77234.59,38.86,Medium,Standard risk profile. No major red flags.,0.0833333333333333,64.125,1.001291756626472,0.08196721311475409
INV_0122,EXP_035,Germany,36835.51,26.67,Low,Standard risk profile. No major red flags.,0.074074074074074,49.51851851851852,0.3974854672793232,0.06289308176100629
INV_0123,EXP_037,France,97684.95,49.52,Medium,Standard risk profile. No major red flags.,0.1363636363636363,70.45454545454545,1.3116926127809978,0.05755395683453238
INV_0124,EXP_001,France,115924.27,59.83,Medium,Risk Drivers: Frequent payment delays (114.1 days avg),0.1363636363636363,114.0909090909091,1.5334847079402003,0.05755395683453238
INV_0125,EXP_033,Singapore,148603.99,50.2,Medium,Standard risk profile. No major red flags.,0.0952380952380952,71.0,1.9252245905494207,0.08196721311475409
INV_0126,EXP_033,UAE,60540.82,47.39,Medium,Risk Drivers: High-risk importer country (UAE),0.0952380952380952,71.0,0.784330726220919,0.13286713286713286
INV_0127,EXP_039,Canada,28452.16,18.64,Low,Standard risk profile. No major red flags.,0.0416666666666666,40.833333333333336,0.388410585166429,0.06206896551724138
INV_0128,EXP_047,Canada,113935.42,29.15,Low,Standard risk profile. No major red flags.,0.0526315789473684,48.05263157894737,1.2264054253028025,0.06206896551724138
INV_0129,EXP_043,Canada,18164.55,35.6,Medium,Risk Drivers: High historical default rate (15.0%),0.15,30.0,0.2057363326911289,0.06206896551724138
INV_0130,EXP_033,France,115161.37,43.32,Medium,Standard risk profile. No major red flags.,0.0952380952380952,71.0,1.4919619682174103,0.05755395683453238
INV_0131,EXP_011,France,81239.88,8.74,Low,Standard risk profile. No major red flags.,0.0,2.923076923076923,1.0985193765095538,0.05755395683453238
INV_0132,EXP_010,Singapore,97044.89,25.53,Low,Standard risk profile. No major red flags.,0.0357142857142857,35.714285714285715,1.1476221281491936,0.08196721311475409
INV_0133,EXP_035,Germany,147337.85,36.67,Medium,Standard risk profile. No major red flags.,0.074074074074074,49.51851851851852,1.5898966555690646,0.06289308176100629
INV_0134,EXP_037,UAE,149809.13,65.39,Medium,Risk Drivers: Unusual invoice amount (high volatility); High-risk importer country (UAE),0.1363636363636363,70.45454545454545,2.011604951920927,0.13286713286713286
INV_0135,EXP_025,Singapore,71073.14,30.36,Medium,Standard risk profile. No major red flags.,0.0454545454545454,56.04545454545455,1.032846398889912,0.08196721311475409
INV_0136,EXP_039,France,123996.88,28.98,Low,Standard risk profile. No major red flags.,0.0416666666666666,40.833333333333336,1.692725639094237,0.05755395683453238
INV_0137,EXP_017,USA,119306.85,46.99,Medium,Standard risk profile. No major red flags.,0.0869565217391304,66.95652173913044,1.4249459452328423,0.10714285714285714
INV_0138,EXP_038,UK,122784.01,49.21,Medium,Standard risk profile. No major red flags.,0.1176470588235294,55.64705882352941,1.4934292040936823,0.09210526315789473
INV_0139,EXP_004,France,110822.74,41.01,Medium,Standard risk profile. No major red flags.,0.1111111111111111,48.629629629629626,1.3735081661546027,0.05755395683453238
INV_0140,EXP_038,France,14652.59,33.59,Medium,Standard risk profile. No major red flags.,0.1176470588235294,55.64705882352941,0.1782203221869936,0.05755395683453238
INV_0141,EXP_001,UK,89190.4,61.46,Medium,Risk Drivers: Frequent payment delays (114.1 days avg),0.1363636363636363,114.0909090909091,1.1798402051189938,0.09210526315789473
INV_0142,EXP_035,UAE,73695.44,39.3,Medium,Risk Drivers: High-risk importer country (UAE),0.074074074074074,49.51851851851852,0.7952344464554808,0.13286713286713286
INV_0143,EXP_009,Singapore,56038.15,21.93,Low,Standard risk profile. No major red flags.,0.0526315789473684,22.157894736842103,0.6480181396536393,0.08196721311475409
INV_0144,EXP_037,UK,117008.74,56.28,Medium,Standard risk profile. No major red flags.,0.1363636363636363,70.45454545454545,1.571168331342878,0.09210526315789473
INV_0145,EXP_015,Singapore,87683.49,29.73,Low,Standard risk profile. No major red flags.,0.0476190476190476,47.714285714285715,1.1017223874674875,0.08196721311475409
INV_0146,EXP_021,UK,145528.85,29.61,Low,Standard risk profile. No major red flags.,0.0476190476190476,4.238095238095238,1.9314102432763307,0.09210526315789473
INV_0147,EXP_045,Canada,56297.86,27.69,Low,Standard risk profile. No major red flags.,0.0555555555555555,46.94444444444444,1.010814460048005,0.06206896551724138
INV_0148,EXP_048,France,43963.5,35.56,Medium,Standard risk profile. No major red flags.,0.0909090909090909,75.72727272727273,0.5547923695162674,0.05755395683453238
INV_0149,EXP_009,UAE,57693.73,28.85,Low,Risk Drivers: High-risk importer country (UAE),0.0526315789473684,22.157894736842103,0.6671630591709283,0.13286713286713286
INV_0150,EXP_039,Germany,96928.57,26.59,Low,Standard risk profile. No major red flags.,0.0416666666666666,40.833333333333336,1.3232064839029858,0.06289308176100629
INV_0151,EXP_039,UK,76368.07,28.12,Low,Standard risk profile. No major red flags.,0.0416666666666666,40.833333333333336,1.0425277643852282,0.09210526315789473
INV_0152,EXP_021,Canada,15417.47,11.14,Low,Standard risk profile. No major red flags.,0.0476190476190476,4.238095238095238,0.204615507395307,0.06206896551724138
INV_0153,EXP_028,Canada,20224.64,37.5,Medium,Standard risk profile. No major red flags.,0.1052631578947368,83.57894736842105,0.2082577929811156,0.06206896551724138
INV_0154,EXP_045,Canada,63698.7,28.8,Low,Standard risk profile. No major red flags.,0.0555555555555555,46.94444444444444,1.1436947522740624,0.06206896551724138
INV_0155,EXP_002,UK,98664.63,34.23,Medium,Standard risk profile. No major red flags.,0.0625,45.8125,1.1842239302454505,0.09210526315789473
INV_0156,EXP_002,UK,124240.83,36.8,Medium,Standard risk profile. No major red flags.,0.0625,45.8125,1.4912027136731456,0.09210526315789473
INV_0157,EXP_036,UK,99312.54,57.9,Medium,Standard risk profile. No major red flags.,0.1333333333333333,99.1,1.1705221708350564,0.09210526315789473
INV_0158,EXP_040,Canada,127680.21,11.15,Low,Standard risk profile. No major red flags.,0.0,2.375,1.327369303820545,0.06206896551724138
INV_0159,EXP_021,USA,113684.25,28.07,Low,Standard risk profile. No major red flags.,0.0476190476190476,4.238095238095238,1.508779358520233,0.10714285714285714
INV_0160,EXP_026,UK,60199.29,38.35,Medium,Standard risk profile. No major red flags.,0.0833333333333333,64.125,0.780441157669982,0.09210526315789473
INV_0161,EXP_043,USA,54896.41,45.07,Medium,Risk Drivers: High historical default rate (15.0%),0.15,30.0,0.6217707607019508,0.10714285714285714
INV_0162,EXP_005,Canada,73719.75,38.28,Medium,Standard risk profile. No major red flags.,0.0909090909090909,67.18181818181819,1.0053432566085996,0.06206896551724138
INV_0163,EXP_029,UK,78575.98,48.01,Medium,Standard risk profile. No major red flags.,0.0833333333333333,101.25,1.0742936638587646,0.09210526315789473
INV_0164,EXP_001,Singapore,51946.39,55.98,Medium,Risk Drivers: Frequent payment delays (114.1 days avg),0.1363636363636363,114.0909090909091,0.6871640830491987,0.08196721311475409
INV_0165,EXP_020,UAE,41846.95,30.53,Medium,Risk Drivers: High-risk importer country (UAE),0.0555555555555555,34.611111111111114,0.5139340591669164,0.13286713286713286
INV_0166,EXP_031,Singapore,71001.98,9.59,Low,Standard risk profile. No major red flags.,0.0,2.473684210526316,0.823495891141738,0.08196721311475409
INV_0167,EXP_007,UK,55782.67,69.45,Medium,Risk Drivers: High historical default rate (19.0%); Frequent payment delays (113.3 days avg),0.1904761904761904,113.28571428571428,0.9255554593824308,0.09210526315789473
INV_0168,EXP_041,UK,142241.05,63.3,Medium,Risk Drivers: Frequent payment delays (119.2 days avg),0.1176470588235294,119.17647058823528,1.7060007148686245,0.09210526315789473
INV_0169,EXP_035,France,137007.95,35.03,Medium,Standard risk profile. No major red flags.,0.074074074074074,49.51851851851852,1.4784285334106182,0.05755395683453238
INV_0170,EXP_040,UAE,149698.54,22.47,Low,Risk Drivers: High-risk importer country (UAE),0.0,2.375,1.5562728697168653,0.13286713286713286
INV_0171,EXP_045,Canada,22431.53,22.59,Low,Standard risk profile. No major red flags.,0.0555555555555555,46.94444444444444,0.4027526958396042,0.06206896551724138
INV_0172,EXP_009,Germany,33547.28,17.21,Low,Standard risk profile. No major red flags.,0.0526315789473684,22.157894736842103,0.3879365392333568,0.06289308176100629
INV_0173,EXP_048,USA,108094.02,48.93,Medium,Standard risk profile. No major red flags.,0.0909090909090909,75.72727272727273,1.36408014571949,0.10714285714285714
INV_0174,EXP_005,UK,37793.78,38.16,Medium,Standard risk profile. No major red flags.,0.0909090909090909,67.18181818181819,0.5154076331613843,0.09210526315789473
INV_0175,EXP_001,France,130993.06,61.51,Medium,Risk Drivers: Frequent payment delays (114.1 days avg),0.1363636363636363,114.0909090909091,1.7328196619766778,0.05755395683453238
INV_0176,EXP_002,USA,143455.09,40.74,Medium,Standard risk profile. No major red flags.,0.0625,45.8125,1.7218222020749967,0.10714285714285714
INV_0177,EXP_013,Canada,63126.89,51.32,Medium,Risk Drivers: High historical default rate (15.8%),0.1578947368421052,72.26315789473684,0.9247425826955716,0.06206896551724138
INV_0178,EXP_009,Canada,61355.27,19.8,Low,Standard risk profile. No major red flags.,0.0526315789473684,22.157894736842103,0.7095046485893403,0.06206896551724138
INV_0179,EXP_020,Canada,121455.02,29.33,Low,Standard risk profile. No major red flags.,0.0555555555555555,34.611111111111114,1.4916229602109357,0.06206896551724138
INV_0180,EXP_032,USA,56805.07,25.83,Low,Standard risk profile. No major red flags.,0.0476190476190476,28.714285714285715,0.676277685084503,0.10714285714285714
INV_0181,EXP_030,UAE,33838.04,41.76,Medium,Risk Drivers: High-risk importer country (UAE),0.1,52.5,0.4322657859907868,0.13286713286713286
INV_0182,EXP_014,UAE,89492.33,29.55,Low,Risk Drivers: High-risk importer country (UAE),0.0416666666666666,21.25,1.020191427969426,0.13286713286713286
INV_0183,EXP_025,Singapore,72069.55,30.48,Medium,Standard risk profile. No major red flags.,0.0454545454545454,56.04545454545455,1.0473263906324732,0.08196721311475409
INV_0184,EXP_004,Singapore,83785.44,41.44,Medium,Standard risk profile. No major red flags.,0.1111111111111111,48.629629629629626,1.038414914167043,0.08196721311475409
INV_0185,EXP_003,Singapore,128966.04,17.82,Low,Standard risk profile. No major red flags.,0.0,8.619047619047619,1.6633456341543569,0.08196721311475409
INV_0186,EXP_006,Singapore,127501.38,32.16,Medium,Standard risk profile. No major red flags.,0.0555555555555555,20.61111111111111,1.836999771766255,0.08196721311475409
INV_0187,EXP_040,Canada,27747.09,2.44,Low,Standard risk profile. No major red flags.,0.0,2.375,0.288460016915276,0.06206896551724138
INV_0188,EXP_003,France,32105.26,4.1,Low,Standard risk profile. No major red flags.,0.0,8.619047619047619,0.4140791176839306,0.05755395683453238
INV_0189,EXP_012,Germany,72448.88,6.79,Low,Standard risk profile. No major red flags.,0.0,3.3157894736842106,0.7723301531481628,0.06289308176100629
INV_0190,EXP_031,Singapore,146117.06,16.89,Low,Standard risk profile. No major red flags.,0.0,2.473684210526316,1.694696380801082,0.08196721311475409
INV_0191,EXP_030,UAE,118776.21,50.86,Medium,Risk Drivers: High-risk importer country (UAE),0.1,52.5,1.5173128163645635,0.13286713286713286
INV_0192,EXP_004,UK,12276.94,35.36,Medium,Standard risk profile. No major red flags.,0.1111111111111111,48.629629629629626,0.1521571957649674,0.09210526315789473
INV_0193,EXP_019,Canada,82435.35,63.47,Medium,Risk Drivers: High historical default rate (19.0%),0.1904761904761904,91.47619047619048,1.1914162359900868,0.06206896551724138
INV_0194,EXP_048,Canada,134614.98,45.75,Medium,Standard risk profile. No major red flags.,0.0909090909090909,75.72727272727273,1.698758372890806,0.06206896551724138
INV_0195,EXP_047,France,75550.16,25.09,Low,Standard risk profile. No major red flags.,0.0526315789473684,48.05263157894737,0.8132249488920547,0.05755395683453238
INV_0196,EXP_046,Canada,78261.57,58.92,Medium,Risk Drivers: High historical default rate (15.8%),0.1578947368421052,103.63157894736842,1.1062233258162435,0.06206896551724138
INV_0197,EXP_033,Germany,75146.05,39.68,Medium,Standard risk profile. No major red flags.,0.0952380952380952,71.0,0.9735473680259616,0.06289308176100629
INV_0198,EXP_004,Singapore,100743.25,43.21,Medium,Standard risk profile. No major red flags.,0.1111111111111111,48.629629629629626,1.2485855931729777,0.08196721311475409
INV_0199,EXP_001,USA,86380.57,63.14,Medium,Risk Drivers: Frequent payment delays (114.1 days avg),0.1363636363636363,114.0909090909091,1.1426708415602531,0.10714285714285714
INV_0200,EXP_019,Canada,60343.65,60.79,Medium,Risk Drivers: High historical default rate (19.0%),0.1904761904761904,91.47619047619048,0.8721307588177063,0.06206896551724138
INV_0201,EXP_003,Singapore,8519.7,4.79,Low,Standard risk profile. No major red flags.,0.0,8.619047619047619,0.1098832359224558,0.08196721311475409
INV_0202,EXP_036,Canada,17800.31,45.85,Medium,Standard risk profile. No major red flags.,0.1333333333333333,99.1,0.2097988582583525,0.06206896551724138
INV_0203,EXP_010,France,32666.04,15.9,Low,Standard risk profile. No major red flags.,0.0357142857142857,35.714285714285715,0.3862982413912436,0.05755395683453238
INV_0204,EXP_028,USA,142951.46,54.08,Medium,Standard risk profile. No major red flags.,0.1052631578947368,83.57894736842105,1.4720042266773716,0.10714285714285714
INV_0205,EXP_041,Germany,146444.14,59.84,Medium,Risk Drivers: Frequent payment delays (119.2 days avg),0.1176470588235294,119.17647058823528,1.7564114404971063,0.06289308176100629
INV_0206,EXP_043,Canada,26948.65,36.43,Medium,Risk Drivers: High historical default rate (15.0%),0.15,30.0,0.305227292830089,0.06206896551724138
INV_0207,EXP_020,Canada,73604.59,24.4,Low,Standard risk profile. No major red flags.,0.0555555555555555,34.611111111111114,0.9039584894960474,0.06206896551724138
INV_0208,EXP_001,Canada,110397.12,59.82,Medium,Risk Drivers: Frequent payment delays (114.1 days avg),0.1363636363636363,114.0909090909091,1.4603697337981014,0.06206896551724138
INV_0209,EXP_016,Singapore,89079.66,12.71,Low,Standard risk profile. No major red flags.,0.0,3.5,1.1725674360480454,0.08196721311475409
INV_0210,EXP_045,Germany,65081.28,29.12,Low,Standard risk profile. No major red flags.,0.0555555555555555,46.94444444444444,1.1685186417819968,0.06289308176100629
INV_0211,EXP_049,UK,30384.74,31.82,Medium,Standard risk profile. No major red flags.,0.0588235294117647,65.88235294117646,0.5163277755073247,0.09210526315789473
INV_0212,EXP_007,Canada,26598.81,61.4,Medium,Risk Drivers: High historical default rate (19.0%); Frequent payment delays (113.3 days avg),0.1904761904761904,113.28571428571428,0.4413319371155234,0.06206896551724138
INV_0213,EXP_046,France,67875.22,57.08,Medium,Risk Drivers: High historical default rate (15.8%),0.1578947368421052,103.63157894736842,0.9594127949248809,0.05755395683453238
INV_0214,EXP_003,Germany,38255.84,5.48,Low,Standard risk profile. No major red flags.,0.0,8.619047619047619,0.4934065157378454,0.06289308176100629
INV_0215,EXP_025,Germany,47428.21,24.94,Low,Standard risk profile. No major red flags.,0.0454545454545454,56.04545454545455,0.6892344408069563,0.06289308176100629
INV_0216,EXP_028,USA,96498.77,50.07,Medium,Standard risk profile. No major red flags.,0.1052631578947368,83.57894736842105,0.9936701402641678,0.10714285714285714
INV_0217,EXP_028,Singapore,126865.46,49.35,Medium,Standard risk profile. No major red flags.,0.1052631578947368,83.57894736842105,1.3063629664178948,0.08196721311475409
INV_0218,EXP_049,UK,72556.68,37.83,Medium,Standard risk profile. No major red flags.,0.0588235294117647,65.88235294117646,1.232955397432948,0.09210526315789473
INV_0219,EXP_015,USA,70262.57,31.24,Medium,Standard risk profile. No major red flags.,0.0476190476190476,47.714285714285715,0.8828326332585698,0.10714285714285714
INV_0220,EXP_045,UK,66291.41,33.18,Medium,Standard risk profile. No major red flags.,0.0555555555555555,46.94444444444444,1.1902462332488466,0.09210526315789473
INV_0221,EXP_015,Singapore,115084.64,32.62,Medium,Standard risk profile. No major red flags.,0.0476190476190476,47.714285714285715,1.4460113795839595,0.08196721311475409
INV_0222,EXP_032,UAE,8076.34,24.38,Low,Risk Drivers: High-risk importer country (UAE),0.0476190476190476,28.714285714285715,0.0961507224470522,0.13286713286713286
INV_0223,EXP_008,Germany,70759.72,21.81,Low,Standard risk profile. No major red flags.,0.0555555555555555,18.0,0.9660991297268328,0.06289308176100629
INV_0224,EXP_020,USA,100435.03,33.15,Medium,Standard risk profile. No major red flags.,0.0555555555555555,34.611111111111114,1.2334706030057394,0.10714285714285714
INV_0225,EXP_039,UAE,73012.17,33.15,Medium,Risk Drivers: High-risk importer country (UAE),0.0416666666666666,40.833333333333336,0.9967151764214314,0.13286713286713286
INV_0226,EXP_024,France,111122.45,80.17,High,Risk Drivers: High historical default rate (21.1%); Frequent payment delays (157.2 days avg),0.2105263157894736,157.21052631578948,1.2820510788643262,0.05755395683453238
INV_0227,EXP_025,Singapore,92142.36,32.93,Medium,Standard risk profile. No major red flags.,0.0454545454545454,56.04545454545455,1.3390277214601447,0.08196721311475409
INV_0228,EXP_012,Germany,144450.44,13.23,Low,Standard risk profile. No major red flags.,0.0,3.3157894736842106,1.539891720169028,0.06289308176100629
INV_0229,EXP_004,UK,25317.09,36.71,Medium,Standard risk profile. No major red flags.,0.1111111111111111,48.629629629629626,0.3137734174256206,0.09210526315789473
INV_0230,EXP_044,Germany,11047.72,50.22,Medium,Risk Drivers: Frequent payment delays (112.9 days avg),0.1428571428571428,112.92857142857144,0.1828009572000998,0.06289308176100629
INV_0231,EXP_009,France,13981.61,14.61,Low,Standard risk profile. No major red flags.,0.0526315789473684,22.157894736842103,0.1616815848053998,0.05755395683453238
INV_0232,EXP_018,Germany,67927.24,6.11,Low,Standard risk profile. No major red flags.,0.0,3.473684210526316,0.6881255297064245,0.06289308176100629
INV_0233,EXP_008,Canada,126101.5,28.04,Low,Standard risk profile. No major red flags.,0.0555555555555555,18.0,1.72169349182343,0.06206896551724138
INV_0234,EXP_032,Germany,83083.95,22.57,Low,Standard risk profile. No major red flags.,0.0476190476190476,28.714285714285715,0.9891339166323816,0.06289308176100629
INV_0235,EXP_049,Germany,115092.84,40.01,Medium,Standard risk profile. No major red flags.,0.0588235294117647,65.88235294117646,1.955772208484273,0.06289308176100629
INV_0236,EXP_011,UK,96959.13,15.11,Low,Standard risk profile. No major red flags.,0.0,2.923076923076923,1.3110738597165428,0.09210526315789473
INV_0237,EXP_012,UAE,103879.47,18.89,Low,Risk Drivers: High-risk importer country (UAE),0.0,3.3157894736842106,1.107391128393565,0.13286713286713286
INV_0238,EXP_031,France,131418.27,12.22,Low,Standard risk profile. No major red flags.,0.0,2.473684210526316,1.5242167241808684,0.05755395683453238
INV_0239,EXP_043,Canada,110831.88,44.4,Medium,Risk Drivers: High historical default rate (15.0%),0.15,30.0,1.2553101803492674,0.06206896551724138
INV_0240,EXP_013,Germany,95519.95,55.4,Medium,Risk Drivers: High historical default rate (15.8%),0.1578947368421052,72.26315789473684,1.3992668617438917,0.06289308176100629
INV_0241,EXP_037,Germany,93048.95,49.71,Medium,Standard risk profile. No major red flags.,0.1363636363636363,70.45454545454545,1.2494413964692457,0.06289308176100629
INV_0242,EXP_026,USA,47052.12,38.92,Medium,Standard risk profile. No major red flags.,0.0833333333333333,64.125,0.6099974103287085,0.10714285714285714
INV_0243,EXP_020,Germany,83718.57,25.55,Low,Standard risk profile. No major red flags.,0.0555555555555555,34.611111111111114,1.028171097481409,0.06289308176100629
INV_0244,EXP_007,France,99204.95,70.9,High,Risk Drivers: High historical default rate (19.0%); Frequent payment delays (113.3 days avg),0.1904761904761904,113.28571428571428,1.6460252453003963,0.05755395683453238
INV_0245,EXP_039,Germany,106695.31,27.71,Low,Standard risk profile. No major red flags.,0.0416666666666666,40.833333333333336,1.4565357354806645,0.06289308176100629
INV_0246,EXP_016,UK,118436.73,17.3,Low,Standard risk profile. No major red flags.,0.0,3.5,1.5589984608160226,0.09210526315789473
INV_0247,EXP_007,France,119724.5,73.76,High,Risk Drivers: High historical default rate (19.0%); Frequent payment delays (113.3 days avg); Unusual invoice amount (high volatility),0.1904761904761904,113.28571428571428,1.9864890762100815,0.05755395683453238
INV_0248,EXP_003,USA,145261.93,22.93,Low,Standard risk profile. No major red flags.,0.0,8.619047619047619,1.8735226504150688,0.10714285714285714
INV_0249,EXP_005,USA,76789.93,44.62,Medium,Standard risk profile. No major red flags.,0.0909090909090909,67.18181818181819,1.047212426804844,0.10714285714285714
INV_0250,EXP_023,France,147926.48,69.22,Medium,Risk Drivers: Frequent payment delays (138.9 days avg),0.1428571428571428,138.89285714285714,1.9329857680580664,0.05755395683453238
INV_0251,EXP_044,Germany,121171.43,65.51,Medium,Risk Drivers: Frequent payment delays (112.9 days avg); Unusual invoice amount (high volatility),0.1428571428571428,112.92857142857144,2.00496151145258,0.06289308176100629
INV_0252,EXP_032,Canada,58272.71,19.99,Low,Standard risk profile. No major red flags.,0.0476190476190476,28.714285714285715,0.6937502835996958,0.06206896551724138
INV_0253,EXP_038,Canada,5959.57,33.3,Medium,Standard risk profile. No major red flags.,0.1176470588235294,55.64705882352941,0.0724866037673845,0.06206896551724138
INV_0254,EXP_042,UK,128727.95,52.79,Medium,Standard risk profile. No major red flags.,0.1,82.05,1.7110686731792963,0.09210526315789473
INV_0255,EXP_003,Canada,38748.11,5.42,Low,Standard risk profile. No major red flags.,0.0,8.619047619047619,0.4997555914737925,0.06206896551724138
INV_0256,EXP_020,UAE,25214.6,28.82,Low,Risk Drivers: High-risk importer country (UAE),0.0555555555555555,34.611111111111114,0.3096675320010211,0.13286713286713286
INV_0257,EXP_021,UAE,99702.17,29.93,Low,Risk Drivers: High-risk importer country (UAE),0.0476190476190476,4.238095238095238,1.323213867318254,0.13286713286713286
INV_0258,EXP_024,France,148042.99,83.74,High,Risk Drivers: High historical default rate (21.1%); Frequent payment delays (157.2 days avg),0.2105263157894736,157.21052631578948,1.708013772624709,0.05755395683453238
INV_0259,EXP_039,Singapore,73933.03,26.49,Low,Standard risk profile. No major red flags.,0.0416666666666666,40.833333333333336,1.0092861647561082,0.08196721311475409
INV_0260,EXP_003,Germany,67588.78,8.65,Low,Standard risk profile. No major red flags.,0.0,8.619047619047619,0.8717295043782015,0.06289308176100629
INV_0261,EXP_018,UAE,116062.63,19.49,Low,Risk Drivers: High-risk importer country (UAE),0.0,3.473684210526316,1.1757530373362843,0.13286713286713286
INV_0262,EXP_005,France,39986.12,33.82,Medium,Standard risk profile. No major red flags.,0.0909090909090909,67.18181818181819,0.5453053774591241,0.05755395683453238
INV_0263,EXP_043,France,140245.35,46.59,Medium,Risk Drivers: High historical default rate (15.0%),0.15,30.0,1.588454654036782,0.05755395683453238
INV_0264,EXP_007,Singapore,10525.35,61.81,Medium,Risk Drivers: High historical default rate (19.0%); Frequent payment delays (113.3 days avg),0.1904761904761904,113.28571428571428,0.1746383806011951,0.08196721311475409
INV_0265,EXP_007,UK,123537.78,78.88,High,Risk Drivers: High historical default rate (19.0%); Frequent payment delays (113.3 days avg); Unusual invoice amount (high volatility),0.1904761904761904,113.28571428571428,2.049759660464185,0.09210526315789473
INV_0266,EXP_014,Germany,117295.36,22.92,Low,Standard risk profile. No major red flags.,0.0416666666666666,21.25,1.3371394041543885,0.06289308176100629
INV_0267,EXP_004,France,56473.49,35.36,Medium,Standard risk profile. No major red flags.,0.1111111111111111,48.629629629629626,0.6999177216359231,0.05755395683453238
INV_0268,EXP_030,UAE,84937.42,47.23,Medium,Risk Drivers: High-risk importer country (UAE),0.1,52.5,1.0850374494601216,0.13286713286713286
INV_0269,EXP_003,Canada,23094.36,3.73,Low,Standard risk profile. No major red flags.,0.0,8.619047619047619,0.297860606401414,0.06206896551724138
INV_0270,EXP_031,Germany,114250.86,11.26,Low,Standard risk profile. No major red flags.,0.0,2.473684210526316,1.3251054938103128,0.06289308176100629
INV_0271,EXP_011,Canada,139876.82,15.99,Low,Standard risk profile. No major red flags.,0.0,2.923076923076923,1.8914035458267424,0.06206896551724138
INV_0272,EXP_015,Canada,114237.56,29.89,Low,Standard risk profile. No major red flags.,0.0476190476190476,47.714285714285715,1.4353680190154423,0.06206896551724138
INV_0273,EXP_007,UAE,88011.8,79.35,High,Risk Drivers: High historical default rate (19.0%); Frequent payment delays (113.3 days avg); High-risk importer country (UAE),0.1904761904761904,113.28571428571428,1.460306614582533,0.13286713286713286
INV_0274,EXP_045,UK,134703.01,43.48,Medium,Risk Drivers: Unusual invoice amount (high volatility),0.0555555555555555,46.94444444444444,2.4185599651565974,0.09210526315789473
INV_0275,EXP_010,Singapore,57752.59,21.63,Low,Standard risk profile. No major red flags.,0.0357142857142857,35.714285714285715,0.6829638350038609,0.08196721311475409
INV_0276,EXP_002,France,53760.86,25.12,Low,Standard risk profile. No major red flags.,0.0625,45.8125,0.6452656531786053,0.05755395683453238
INV_0277,EXP_018,UK,146190.93,16.64,Low,Standard risk profile. No major red flags.,0.0,3.473684210526316,1.480962735193198,0.09210526315789473
INV_0278,EXP_045,Canada,12558.66,21.1,Low,Standard risk profile. No major red flags.,0.0555555555555555,46.94444444444444,0.2254877028509871,0.06206896551724138
INV_0279,EXP_014,Germany,40693.36,15.59,Low,Standard risk profile. No major red flags.,0.0416666666666666,21.25,0.4638946940734912,0.06289308176100629
INV_0280,EXP_044,Singapore,46416.58,57.67,Medium,Risk Drivers: Frequent payment delays (112.9 days avg),0.1428571428571428,112.92857142857144,0.768031345287083,0.08196721311475409
INV_0281,EXP_002,UK,131913.33,37.58,Medium,Standard risk profile. No major red flags.,0.0625,45.8125,1.5832920277952194,0.09210526315789473
INV_0282,EXP_017,Germany,98552.27,39.03,Medium,Standard risk profile. No major red flags.,0.0869565217391304,66.95652173913044,1.17706282187479,0.06289308176100629
INV_0283,EXP_019,UK,57027.41,64.37,Medium,Risk Drivers: High historical default rate (19.0%),0.1904761904761904,91.47619047619048,0.8242020221963446,0.09210526315789473
INV_0284,EXP_023,UAE,107374.44,74.78,High,Risk Drivers: Frequent payment delays (138.9 days avg); High-risk importer country (UAE),0.1428571428571428,138.89285714285714,1.4030839128545798,0.13286713286713286
INV_0285,EXP_022,France,66789.78,47.81,Medium,Standard risk profile. No major red flags.,0.12,96.52,0.8768135245456686,0.05755395683453238
INV_0286,EXP_030,Canada,8470.57,29.64,Low,Standard risk profile. No major red flags.,0.1,52.5,0.1082077330377285,0.06206896551724138
INV_0287,EXP_025,USA,66493.56,33.14,Medium,Standard risk profile. No major red flags.,0.0454545454545454,56.04545454545455,0.9662951994997028,0.10714285714285714
INV_0288,EXP_026,UK,15389.53,33.48,Medium,Standard risk profile. No major red flags.,0.0833333333333333,64.125,0.19951435655133,0.09210526315789473
INV_0289,EXP_023,France,106611.99,64.7,Medium,Risk Drivers: Frequent payment delays (138.9 days avg),0.1428571428571428,138.89285714285714,1.393120821737588,0.05755395683453238
INV_0290,EXP_048,Canada,120257.0,44.23,Medium,Standard risk profile. No major red flags.,0.0909090909090909,75.72727272727273,1.5175694833422673,0.06206896551724138
INV_0291,EXP_038,Canada,93535.82,42.23,Medium,Standard risk profile. No major red flags.,0.1176470588235294,55.64705882352941,1.1376817324735522,0.06206896551724138
INV_0292,EXP_025,UK,122523.01,37.97,Medium,Standard risk profile. No major red flags.,0.0454545454545454,56.04545454545455,1.780524255149733,0.09210526315789473
INV_0293,EXP_035,Germany,137501.36,35.78,Medium,Standard risk profile. No major red flags.,0.074074074074074,49.51851851851852,1.4837528333703656,0.06289308176100629
INV_0294,EXP_010,Germany,53407.46,18.67,Low,Standard risk profile. No major red flags.,0.0357142857142857,35.714285714285715,0.6315797040343178,0.06289308176100629
INV_0295,EXP_011,UK,44140.88,9.12,Low,Standard risk profile. No major red flags.,0.0,2.923076923076923,0.5968695667224401,0.09210526315789473
INV_0296,EXP_041,UK,100696.5,59.12,Medium,Risk Drivers: Frequent payment delays (119.2 days avg),0.1176470588235294,119.17647058823528,1.2077266090539156,0.09210526315789473
INV_0297,EXP_014,France,40865.53,14.9,Low,Standard risk profile. No major red flags.,0.0416666666666666,21.25,0.4658573914147438,0.05755395683453238
INV_0298,EXP_032,UAE,111416.01,34.69,Medium,Risk Drivers: High-risk importer country (UAE),0.0476190476190476,28.714285714285715,1.326433737765869,0.13286713286713286
INV_0299,EXP_002,UK,102959.63,34.66,Medium,Standard risk profile. No major red flags.,0.0625,45.8125,1.2357747421261032,0.09210526315789473
INV_0300,EXP_010,UAE,85504.09,31.14,Medium,Risk Drivers: High-risk importer country (UAE),0.0357142857142857,35.714285714285715,1.0111442831380424,0.13286713286713286
INV_0301,EXP_013,UK,49171.31,53.59,Medium,Risk Drivers: High historical default rate (15.8%),0.1578947368421052,72.26315789473684,0.7203080050977417,0.09210526315789473
INV_0302,EXP_032,France,120663.19,25.62,Low,Standard risk profile. No major red flags.,0.0476190476190476,28.714285714285715,1.4365235850974492,0.05755395683453238
INV_0303,EXP_036,Singapore,146171.61,61.18,Medium,Standard risk profile. No major red flags.,0.1333333333333333,99.1,1.722814764899329,0.08196721311475409
INV_0304,EXP_031,UAE,41756.88,13.5,Low,Risk Drivers: High-risk importer country (UAE),0.0,2.473684210526316,0.4843050729979448,0.13286713286713286
INV_0305,EXP_048,Singapore,31265.55,37.46,Medium,Standard risk profile. No major red flags.,0.0909090909090909,75.72727272727273,0.3945520390489687,0.08196721311475409
INV_0306,EXP_045,USA,47039.42,32.28,Medium,Standard risk profile. No major red flags.,0.0555555555555555,46.94444444444444,0.844581409102785,0.10714285714285714
INV_0307,EXP_028,UAE,97722.16,53.59,Medium,Risk Drivers: High-risk importer country (UAE),0.1052631578947368,83.57894736842105,1.006267669879289,0.13286713286713286
INV_0308,EXP_004,Canada,10623.35,31.2,Medium,Standard risk profile. No major red flags.,0.1111111111111111,48.629629629629626,0.1316630321260645,0.06206896551724138
INV_0309,EXP_043,UAE,84167.33,51.27,Medium,Risk Drivers: High historical default rate (15.0%); High-risk importer country (UAE),0.15,30.0,0.9533006766809,0.13286713286713286
INV_0310,EXP_040,UAE,76962.24,16.13,Low,Risk Drivers: High-risk importer country (UAE),0.0,2.375,0.8001029676350759,0.13286713286713286
INV_0311,EXP_009,Singapore,95871.56,25.79,Low,Standard risk profile. No major red flags.,0.0526315789473684,22.157894736842103,1.1086466979529526,0.08196721311475409
INV_0312,EXP_025,Germany,9359.7,20.3,Low,Standard risk profile. No major red flags.,0.0454545454545454,56.04545454545455,0.1360166785889846,0.06289308176100629
INV_0313,EXP_021,France,100417.6,20.0,Low,Standard risk profile. No major red flags.,0.0476190476190476,4.238095238095238,1.332708815092164,0.05755395683453238
INV_0314,EXP_036,UAE,72717.0,60.68,Medium,Risk Drivers: High-risk importer country (UAE),0.1333333333333333,99.1,0.857060555460698,0.13286713286713286
INV_0315,EXP_048,Germany,79317.81,40.01,Medium,Standard risk profile. No major red flags.,0.0909090909090909,75.72727272727273,1.0009420486253615,0.06289308176100629
INV_0316,EXP_028,UK,145640.45,52.32,Medium,Standard risk profile. No major red flags.,0.1052631578947368,83.57894736842105,1.4996933782641635,0.09210526315789473
INV_0317,EXP_048,UAE,40031.93,45.14,Medium,Risk Drivers: High-risk importer country (UAE),0.0909090909090909,75.72727272727273,0.5051783707168299,0.13286713286713286
INV_0318,EXP_016,USA,60582.95,12.91,Low,Standard risk profile. No major red flags.,0.0,3.5,0.7974614446185238,0.10714285714285714
INV_0319,EXP_028,UK,149319.29,52.64,Medium,Standard risk profile. No major red flags.,0.1052631578947368,83.57894736842105,1.5375752441035877,0.09210526315789473
INV_0320,EXP_043,UK,84539.65,45.89,Medium,Risk Drivers: High historical default rate (15.0%),0.15,30.0,0.9575176680948112,0.09210526315789473
INV_0321,EXP_014,UAE,62336.97,26.95,Low,Risk Drivers: High-risk importer country (UAE),0.0416666666666666,21.25,0.7106267368341764,0.13286713286713286
INV_0322,EXP_027,UAE,74879.45,38.91,Medium,Risk Drivers: High-risk importer country (UAE),0.0588235294117647,60.11764705882353,0.8491489849828084,0.13286713286713286
INV_0323,EXP_018,Singapore,96589.92,11.08,Low,Standard risk profile. No major red flags.,0.0,3.473684210526316,0.978488009586451,0.08196721311475409
INV_0324,EXP_039,USA,53600.51,27.51,Low,Standard risk profile. No major red flags.,0.0416666666666666,40.833333333333336,0.7317196815397857,0.10714285714285714
INV_0325,EXP_018,USA,65448.4,11.78,Low,Standard risk profile. No major red flags.,0.0,3.473684210526316,0.6630140561936264,0.10714285714285714
INV_0326,EXP_037,USA,99673.99,56.33,Medium,Standard risk profile. No major red flags.,0.1363636363636363,70.45454545454545,1.3384010164248132,0.10714285714285714
INV_0327,EXP_024,Germany,14816.19,71.56,High,Risk Drivers: High historical default rate (21.1%); Frequent payment delays (157.2 days avg),0.2105263157894736,157.21052631578948,0.1709385670866584,0.06289308176100629
INV_0328,EXP_044,Canada,64352.25,57.51,Medium,Risk Drivers: Frequent payment delays (112.9 days avg),0.1428571428571428,112.92857142857144,1.064803678766309,0.06206896551724138
INV_0329,EXP_032,Germany,59618.16,20.23,Low,Standard risk profile. No major red flags.,0.0476190476190476,28.714285714285715,0.7097681814985444,0.06289308176100629
INV_0330,EXP_039,France,83228.06,24.32,Low,Standard risk profile. No major red flags.,0.0416666666666666,40.833333333333336,1.1361759348628246,0.05755395683453238
INV_0331,EXP_023,Canada,129108.75,67.76,Medium,Risk Drivers: Frequent payment delays (138.9 days avg),0.1428571428571428,138.89285714285714,1.6870906161071828,0.06206896551724138
INV_0332,EXP_008,Singapore,66189.82,23.82,Low,Standard risk profile. No major red flags.,0.0555555555555555,18.0,0.9037052082565576,0.08196721311475409
INV_0333,EXP_023,UAE,18591.81,65.05,Medium,Risk Drivers: Frequent payment delays (138.9 days avg); High-risk importer country (UAE),0.1428571428571428,138.89285714285714,0.2429430088003151,0.13286713286713286
INV_0334,EXP_035,France,114902.81,33.03,Medium,Standard risk profile. No major red flags.,0.074074074074074,49.51851851851852,1.2398958810277716,0.05755395683453238
INV_0335,EXP_009,UK,118990.56,29.38,Low,Standard risk profile. No major red flags.,0.0526315789473684,22.157894736842103,1.3759919149283968,0.09210526315789473
INV_0336,EXP_034,Germany,136438.48,39.83,Medium,Standard risk profile. No major red flags.,0.0769230769230769,55.46153846153846,1.7641975311343476,0.06289308176100629
INV_0337,EXP_034,France,18224.43,26.3,Low,Standard risk profile. No major red flags.,0.0769230769230769,55.46153846153846,0.2356482893413261,0.05755395683453238
INV_0338,EXP_014,USA,26694.63,20.13,Low,Standard risk profile. No major red flags.,0.0416666666666666,21.25,0.3043124779387851,0.10714285714285714
INV_0339,EXP_002,Canada,117633.07,32.15,Medium,Standard risk profile. No major red flags.,0.0625,45.8125,1.4118929598402,0.06206896551724138
INV_0340,EXP_009,USA,57594.61,25.42,Low,Standard risk profile. No major red flags.,0.0526315789473684,22.157894736842103,0.6660168479201559,0.10714285714285714
INV_0341,EXP_005,UK,40837.02,38.51,Medium,Standard risk profile. No major red flags.,0.0909090909090909,67.18181818181819,0.5569094127013523,0.09210526315789473
INV_0342,EXP_010,Canada,65630.2,19.77,Low,Standard risk profile. No major red flags.,0.0357142857142857,35.714285714285715,0.776121955466766,0.06206896551724138
INV_0343,EXP_013,UAE,110039.07,66.48,Medium,Risk Drivers: High historical default rate (15.8%); High-risk importer country (UAE),0.1578947368421052,72.26315789473684,1.6119567079768826,0.13286713286713286
INV_0344,EXP_027,USA,91876.76,37.11,Medium,Standard risk profile. No major red flags.,0.0588235294117647,60.11764705882353,1.0419021173033336,0.10714285714285714
INV_0345,EXP_016,Germany,13031.38,1.79,Low,Standard risk profile. No major red flags.,0.0,3.5,0.1715337916059376,0.06289308176100629
INV_0346,EXP_031,Singapore,90280.82,11.46,Low,Standard risk profile. No major red flags.,0.0,2.473684210526316,1.047095930548794,0.08196721311475409
INV_0347,EXP_019,France,103287.93,65.39,Medium,Risk Drivers: High historical default rate (19.0%),0.1904761904761904,91.47619047619048,1.492793040653161,0.05755395683453238
INV_0348,EXP_017,UAE,104085.68,48.88,Medium,Risk Drivers: High-risk importer country (UAE),0.0869565217391304,66.95652173913044,1.243151316733307,0.13286713286713286
INV_0349,EXP_006,France,104654.78,26.15,Low,Standard risk profile. No major red flags.,0.0555555555555555,20.61111111111111,1.5078331463882793,0.05755395683453238
INV_0350,EXP_033,Singapore,82212.14,42.99,Medium,Standard risk profile. No major red flags.,0.0952380952380952,71.0,1.0650914122137074,0.08196721311475409
INV_0351,EXP_042,Germany,33366.3,38.29,Medium,Standard risk profile. No major red flags.,0.1,82.05,0.4435092042551937,0.06289308176100629
INV_0352,EXP_001,UAE,139400.3,72.44,High,Risk Drivers: Frequent payment delays (114.1 days avg); High-risk importer country (UAE),0.1363636363636363,114.0909090909091,1.8440334222702135,0.13286713286713286
INV_0353,EXP_030,UK,8210.57,33.6,Medium,Standard risk profile. No major red flags.,0.1,52.5,0.1048863496373423,0.09210526315789473
INV_0354,EXP_010,Germany,92497.04,22.55,Low,Standard risk profile. No major red flags.,0.0357142857142857,35.714285714285715,1.093840694675434,0.06289308176100629
INV_0355,EXP_007,Singapore,5088.89,61.05,Medium,Risk Drivers: High historical default rate (19.0%); Frequent payment delays (113.3 days avg),0.1904761904761904,113.28571428571428,0.084435720299811,0.08196721311475409
INV_0356,EXP_014,Singapore,80431.88,21.92,Low,Standard risk profile. No major red flags.,0.0416666666666666,21.25,0.916904437636896,0.08196721311475409
INV_0357,EXP_040,Canada,141466.52,12.35,Low,Standard risk profile. No major red flags.,0.0,2.375,1.470692413227666,0.06206896551724138
INV_0358,EXP_035,Germany,81875.53,30.75,Medium,Standard risk profile. No major red flags.,0.074074074074074,49.51851851851852,0.8835043494929824,0.06289308176100629
INV_0359,EXP_026,UAE,8604.92,38.15,Medium,Risk Drivers: High-risk importer country (UAE),0.0833333333333333,64.125,0.1115566932177702,0.13286713286713286
INV_0360,EXP_046,France,139923.72,65.63,Medium,Risk Drivers: High historical default rate (15.8%); Unusual invoice amount (high volatility),0.1578947368421052,103.63157894736842,1.977814691156602,0.05755395683453238
INV_0361,EXP_023,Germany,141770.2,69.26,Medium,Risk Drivers: Frequent payment delays (138.9 days avg),0.1428571428571428,138.89285714285714,1.852540389893315,0.06289308176100629
INV_0362,EXP_016,Canada,112002.67,12.6,Low,Standard risk profile. No major red flags.,0.0,3.5,1.4743060715817204,0.06206896551724138
INV_0363,EXP_024,Canada,99256.34,79.62,High,Risk Drivers: High historical default rate (21.1%); Frequent payment delays (157.2 days avg),0.2105263157894736,157.21052631578948,1.1451484176340998,0.06206896551724138
INV_0364,EXP_012,UAE,111810.48,19.6,Low,Risk Drivers: High-risk importer country (UAE),0.0,3.3157894736842106,1.1919384418636918,0.13286713286713286
INV_0365,EXP_023,USA,48402.2,64.9,Medium,Risk Drivers: Frequent payment delays (138.9 days avg),0.1428571428571428,138.89285714285714,0.6324815120504464,0.10714285714285714
INV_0366,EXP_047,Canada,63863.7,24.63,Low,Standard risk profile. No major red flags.,0.0526315789473684,48.05263157894737,0.6874314252750425,0.06206896551724138
INV_0367,EXP_005,Canada,118406.52,43.39,Medium,Standard risk profile. No major red flags.,0.0909090909090909,67.18181818181819,1.6147531213886548,0.06206896551724138
INV_0368,EXP_035,France,99272.18,31.61,Medium,Standard risk profile. No major red flags.,0.074074074074074,49.51851851851852,1.0712285198477525,0.05755395683453238
INV_0369,EXP_038,Germany,137267.51,46.81,Medium,Standard risk profile. No major red flags.,0.1176470588235294,55.64705882352941,1.669592874570733,0.06289308176100629
INV_0370,EXP_016,UAE,67536.4,17.09,Low,Risk Drivers: High-risk importer country (UAE),0.0,3.5,0.8889906336408918,0.13286713286713286
INV_0371,EXP_019,UAE,81802.99,72.79,High,Risk Drivers: High historical default rate (19.0%); High-risk importer country (UAE),0.1904761904761904,91.47619047619048,1.1822769047324324,0.13286713286713286
INV_0372,EXP_038,France,89805.52,41.25,Medium,Standard risk profile. No major red flags.,0.1176470588235294,55.64705882352941,1.0923098720820348,0.05755395683453238
INV_0373,EXP_022,Canada,111122.94,53.29,Medium,Standard risk profile. No major red flags.,0.12,96.52,1.4588174520005437,0.06206896551724138
INV_0374,EXP_046,UAE,39565.15,63.73,Medium,Risk Drivers: High historical default rate (15.8%); High-risk importer country (UAE),0.1578947368421052,103.63157894736842,0.559251390170406,0.13286713286713286
INV_0375,EXP_030,Singapore,51768.49,36.92,Medium,Standard risk profile. No major red flags.,0.1,52.5,0.6613192436502286,0.08196721311475409
INV_0376,EXP_026,Germany,13052.93,29.35,Low,Standard risk profile. No major red flags.,0.0833333333333333,64.125,0.1692219924883705,0.06289308176100629
INV_0377,EXP_035,Canada,149000.17,36.71,Medium,Standard risk profile. No major red flags.,0.074074074074074,49.51851851851852,1.6078344564022218,0.06206896551724138
INV_0378,EXP_022,USA,107291.07,58.86,Medium,Standard risk profile. No major red flags.,0.12,96.52,1.4085128179637074,0.10714285714285714
INV_0379,EXP_036,France,74584.1,50.87,Medium,Standard risk profile. No major red flags.,0.1333333333333333,99.1,0.8790666580653252,0.05755395683453238
INV_0380,EXP_017,France,134249.77,41.9,Medium,Standard risk profile. No major red flags.,0.0869565217391304,66.95652173913044,1.6034172841705372,0.05755395683453238
INV_0381,EXP_047,USA,143903.59,37.84,Medium,Standard risk profile. No major red flags.,0.0526315789473684,48.05263157894737,1.548984007752375,0.10714285714285714
INV_0382,EXP_025,France,120706.22,33.17,Medium,Standard risk profile. No major red flags.,0.0454545454545454,56.04545454545455,1.7541223681775349,0.05755395683453238
INV_0383,EXP_007,USA,14340.11,65.68,Medium,Risk Drivers: High historical default rate (19.0%); Frequent payment delays (113.3 days avg),0.1904761904761904,113.28571428571428,0.2379335212646613,0.10714285714285714
INV_0384,EXP_013,Germany,38564.73,48.41,Medium,Risk Drivers: High historical default rate (15.8%),0.1578947368421052,72.26315789473684,0.5649327571999412,0.06289308176100629
INV_0385,EXP_025,UK,7656.27,23.98,Low,Standard risk profile. No major red flags.,0.0454545454545454,56.04545454545455,0.1112621575243315,0.09210526315789473
INV_0386,EXP_001,Germany,81321.34,56.7,Medium,Risk Drivers: Frequent payment delays (114.1 days avg),0.1363636363636363,114.0909090909091,1.0757456684368658,0.06289308176100629
INV_0387,EXP_022,UAE,108141.29,62.37,Medium,Risk Drivers: High-risk importer country (UAE),0.12,96.52,1.4196744716604135,0.13286713286713286
INV_0388,EXP_011,UAE,7346.25,10.36,Low,Risk Drivers: High-risk importer country (UAE),0.0,2.923076923076923,0.09933542454375,0.13286713286713286
INV_0389,EXP_035,France,69675.28,28.93,Low,Standard risk profile. No major red flags.,0.074074074074074,49.51851851851852,0.7518536115997222,0.05755395683453238
INV_0390,EXP_015,Germany,104005.44,28.92,Low,Standard risk profile. No major red flags.,0.0476190476190476,47.714285714285715,1.306803842620846,0.06289308176100629
INV_0391,EXP_022,UAE,70665.22,58.24,Medium,Risk Drivers: High-risk importer country (UAE),0.12,96.52,0.9276901437764142,0.13286713286713286
INV_0392,EXP_001,UK,24471.18,54.28,Medium,Risk Drivers: Frequent payment delays (114.1 days avg),0.1363636363636363,114.0909090909091,0.3237128887268565,0.09210526315789473
INV_0393,EXP_016,France,102979.61,11.01,Low,Standard risk profile. No major red flags.,0.0,3.5,1.3555343303165688,0.05755395683453238
INV_0394,EXP_047,France,72529.5,24.82,Low,Standard risk profile. No major red flags.,0.0526315789473684,48.05263157894737,0.7807104436399112,0.05755395683453238
INV_0395,EXP_050,Germany,131357.47,62.32,Medium,Risk Drivers: Frequent payment delays (121.4 days avg),0.1428571428571428,121.42857142857144,1.4286183454662915,0.06289308176100629
INV_0396,EXP_032,UK,17092.21,19.86,Low,Standard risk profile. No major red flags.,0.0476190476190476,28.714285714285715,0.2034867699622268,0.09210526315789473
INV_0397,EXP_014,UK,99533.19,25.1,Low,Standard risk profile. No major red flags.,0.0416666666666666,21.25,1.134654860773568,0.09210526315789473
INV_0398,EXP_043,UK,62727.31,43.82,Medium,Risk Drivers: High historical default rate (15.0%),0.15,30.0,0.7104655341849692,0.09210526315789473
INV_0399,EXP_037,Singapore,94785.09,52.43,Medium,Standard risk profile. No major red flags.,0.1363636363636363,70.45454545454545,1.272753913010981,0.08196721311475409
INV_0400,EXP_032,USA,145255.46,34.66,Medium,Standard risk profile. No major red flags.,0.0476190476190476,28.714285714285715,1.729300328908751,0.10714285714285714
INV_0401,EXP_036,UK,105423.77,58.5,Medium,Standard risk profile. No major red flags.,0.1333333333333333,99.1,1.242550639808585,0.09210526315789473
INV_0402,EXP_047,Germany,139698.34,31.59,Medium,Standard risk profile. No major red flags.,0.0526315789473684,48.05263157894737,1.50371852828379,0.06289308176100629
INV_0403,EXP_010,Germany,129253.14,26.19,Low,Standard risk profile. No major red flags.,0.0357142857142857,35.714285714285715,1.5285066900149578,0.06289308176100629
INV_0404,EXP_003,France,124529.39,14.1,Low,Standard risk profile. No major red flags.,0.0,8.619047619047619,1.6061237297850288,0.05755395683453238
INV_0405,EXP_043,France,128460.88,45.47,Medium,Risk Drivers: High historical default rate (15.0%),0.15,30.0,1.45498073695606,0.05755395683453238
INV_0406,EXP_018,UAE,70398.09,15.61,Low,Risk Drivers: High-risk importer country (UAE),0.0,3.473684210526316,0.7131560618622299,0.13286713286713286
INV_0407,EXP_049,France,35950.5,28.02,Low,Standard risk profile. No major red flags.,0.0588235294117647,65.88235294117646,0.6109067147974961,0.05755395683453238
INV_0408,EXP_021,Germany,88918.49,19.43,Low,Standard risk profile. No major red flags.,0.0476190476190476,4.238095238095238,1.180096471611395,0.06289308176100629
INV_0409,EXP_027,USA,148518.5,42.49,Medium,Standard risk profile. No major red flags.,0.0588235294117647,60.11764705882353,1.6842315685567837,0.10714285714285714
INV_0410,EXP_031,UK,10625.2,5.06,Low,Standard risk profile. No major red flags.,0.0,2.473684210526316,0.1232333033889927,0.09210526315789473
INV_0411,EXP_035,France,108359.87,32.43,Medium,Standard risk profile. No major red flags.,0.074074074074074,49.51851851851852,1.169292173809368,0.05755395683453238
INV_0412,EXP_016,Canada,83373.66,9.44,Low,Standard risk profile. No major red flags.,0.0,3.5,1.0974585976208426,0.06206896551724138
INV_0413,EXP_017,France,140645.18,42.54,Medium,Standard risk profile. No major red flags.,0.0869565217391304,66.95652173913044,1.6798011091361749,0.05755395683453238
INV_0414,EXP_023,Germany,104498.58,65.17,Medium,Risk Drivers: Frequent payment delays (138.9 days avg),0.1428571428571428,138.89285714285714,1.365504458175962,0.06289308176100629
INV_0415,EXP_043,UAE,92966.13,52.1,Medium,Risk Drivers: High historical default rate (15.0%); High-risk importer country (UAE),0.15,30.0,1.0529581327743736,0.13286713286713286
INV_0416,EXP_042,USA,117218.36,53.51,Medium,Standard risk profile. No major red flags.,0.1,82.05,1.5580817042254858,0.10714285714285714
INV_0417,EXP_023,UAE,18826.7,65.08,Medium,Risk Drivers: Frequent payment delays (138.9 days avg); High-risk importer country (UAE),0.1428571428571428,138.89285714285714,0.2460123647875539,0.13286713286713286
INV_0418,EXP_008,Singapore,56773.34,22.74,Low,Standard risk profile. No major red flags.,0.0555555555555555,18.0,0.7751397880840338,0.08196721311475409
INV_0419,EXP_047,Singapore,138083.29,33.98,Medium,Standard risk profile. No major red flags.,0.0526315789473684,48.05263157894737,1.486334065382479,0.08196721311475409
INV_0420,EXP_004,France,128268.35,42.82,Medium,Standard risk profile. No major red flags.,0.1111111111111111,48.629629629629626,1.5897245112706715,0.05755395683453238
INV_0421,EXP_045,Germany,107578.01,35.52,Medium,Standard risk profile. No major red flags.,0.0555555555555555,46.94444444444444,1.931537150633947,0.06289308176100629
INV_0422,EXP_006,Singapore,129353.5,32.38,Medium,Standard risk profile. No major red flags.,0.0555555555555555,20.61111111111111,1.863684534058896,0.08196721311475409
INV_0423,EXP_013,Germany,12180.82,45.17,Medium,Risk Drivers: High historical default rate (15.8%),0.1578947368421052,72.26315789473684,0.1784362091360729,0.06289308176100629
INV_0424,EXP_022,UK,144824.64,60.99,Medium,Standard risk profile. No major red flags.,0.12,96.52,1.9012520035169695,0.09210526315789473
INV_0425,EXP_015,UAE,23596.79,29.74,Low,Risk Drivers: High-risk importer country (UAE),0.0476190476190476,47.714285714285715,0.296488105290619,0.13286713286713286
INV_0426,EXP_045,Singapore,44142.64,28.5,Low,Standard risk profile. No major red flags.,0.0555555555555555,46.94444444444444,0.7925704248206497,0.08196721311475409
INV_0427,EXP_041,Singapore,99131.56,57.62,Medium,Risk Drivers: Frequent payment delays (119.2 days avg),0.1176470588235294,119.17647058823528,1.1889571415990106,0.08196721311475409
INV_0428,EXP_015,France,90078.96,26.74,Low,Standard risk profile. No major red flags.,0.0476190476190476,47.714285714285715,1.1318209034766786,0.05755395683453238
INV_0429,EXP_036,USA,130973.46,63.02,Medium,Standard risk profile. No major red flags.,0.1333333333333333,99.1,1.5436856082925523,0.10714285714285714
INV_0430,EXP_038,UAE,86291.08,50.9,Medium,Risk Drivers: High-risk importer country (UAE),0.1176470588235294,55.64705882352941,1.0495635296874917,0.13286713286713286
INV_0431,EXP_036,USA,98588.39,59.82,Medium,Standard risk profile. No major red flags.,0.1333333333333333,99.1,1.1619871597477334,0.10714285714285714
INV_0432,EXP_013,USA,15987.73,51.51,Medium,Risk Drivers: High historical default rate (15.8%),0.1578947368421052,72.26315789473684,0.234203439004194,0.10714285714285714
INV_0433,EXP_020,UAE,111377.55,37.69,Medium,Risk Drivers: High-risk importer country (UAE),0.0555555555555555,34.611111111111114,1.3678587417139407,0.13286713286713286
INV_0434,EXP_012,Germany,31674.78,3.14,Low,Standard risk profile. No major red flags.,0.0,3.3157894736842106,0.3376641252195252,0.06289308176100629
INV_0435,EXP_015,Germany,107473.6,29.29,Low,Standard risk profile. No major red flags.,0.0476190476190476,47.714285714285715,1.3503804556790084,0.06289308176100629
INV_0436,EXP_002,France,27273.49,22.46,Low,Standard risk profile. No major red flags.,0.0625,45.8125,0.3273505360463014,0.05755395683453238
INV_0437,EXP_034,Canada,140928.41,40.2,Medium,Standard risk profile. No major red flags.,0.0769230769230769,55.46153846153846,1.8222539051203817,0.06206896551724138
INV_0438,EXP_027,USA,96179.89,37.52,Medium,Standard risk profile. No major red flags.,0.0588235294117647,60.11764705882353,1.0907005322456051,0.10714285714285714
INV_0439,EXP_036,UK,82961.57,56.28,Medium,Standard risk profile. No major red flags.,0.1333333333333333,99.1,0.9778055924486928,0.09210526315789473
INV_0440,EXP_033,Germany,60863.88,38.13,Medium,Standard risk profile. No major red flags.,0.0952380952380952,71.0,0.7885160987416898,0.06289308176100629
INV_0441,EXP_050,France,97446.44,58.52,Medium,Risk Drivers: Frequent payment delays (121.4 days avg),0.1428571428571428,121.42857142857144,1.0598085657738403,0.05755395683453238
INV_0442,EXP_026,UK,100425.36,42.72,Medium,Standard risk profile. No major red flags.,0.0833333333333333,64.125,1.3019436644157216,0.09210526315789473
INV_0443,EXP_019,USA,116173.87,73.54,High,Risk Drivers: High historical default rate (19.0%),0.1904761904761904,91.47619047619048,1.6790301116669204,0.10714285714285714
INV_0444,EXP_014,Canada,68601.9,18.15,Low,Standard risk profile. No major red flags.,0.0416666666666666,21.25,0.7820454593417756,0.06206896551724138
INV_0445,EXP_038,USA,43174.62,43.08,Medium,Standard risk profile. No major red flags.,0.1176470588235294,55.64705882352941,0.5251354666104096,0.10714285714285714
INV_0446,EXP_003,Germany,115397.21,13.82,Low,Standard risk profile. No major red flags.,0.0,8.619047619047619,1.488341003934784,0.06289308176100629
INV_0447,EXP_024,USA,146895.74,90.22,High,Risk Drivers: High historical default rate (21.1%); Frequent payment delays (157.2 days avg),0.2105263157894736,157.21052631578948,1.6947776254714826,0.10714285714285714
INV_0448,EXP_040,UK,60368.52,9.27,Low,Standard risk profile. No major red flags.,0.0,2.375,0.6275938954445378,0.09210526315789473
INV_0449,EXP_003,Germany,79913.87,9.98,Low,Standard risk profile. No major red flags.,0.0,8.619047619047619,1.0306929387990733,0.06289308176100629
INV_0450,EXP_009,Germany,127980.89,26.37,Low,Standard risk profile. No major red flags.,0.0526315789473684,22.157894736842103,1.4799549636991414,0.06289308176100629
INV_0451,EXP_002,Canada,71480.23,27.51,Low,Standard risk profile. No major red flags.,0.0625,45.8125,0.8579426984670062,0.06206896551724138
INV_0452,EXP_047,USA,109496.1,34.74,Medium,Standard risk profile. No major red flags.,0.0526315789473684,48.05263157894737,1.1786204069770243,0.10714285714285714
INV_0453,EXP_004,Canada,139357.69,44.58,Medium,Standard risk profile. No major red flags.,0.1111111111111111,48.629629629629626,1.7271629020491788,0.06206896551724138
INV_0454,EXP_023,UK,18823.51,59.66,Medium,Risk Drivers: Frequent payment delays (138.9 days avg),0.1428571428571428,138.89285714285714,0.2459706804008226,0.09210526315789473
INV_0455,EXP_005,France,27033.6,32.34,Medium,Standard risk profile. No major red flags.,0.0909090909090909,67.18181818181819,0.3686671137904596,0.05755395683453238
INV_0456,EXP_035,Singapore,115393.36,36.31,Medium,Standard risk profile. No major red flags.,0.074074074074074,49.51851851851852,1.245189319233836,0.08196721311475409
INV_0457,EXP_047,Germany,49269.86,23.43,Low,Standard risk profile. No major red flags.,0.0526315789473684,48.05263157894737,0.5303427468640528,0.06289308176100629
INV_0458,EXP_014,USA,148206.36,31.75,Medium,Standard risk profile. No major red flags.,0.0416666666666666,21.25,1.6895175043777586,0.10714285714285714
INV_0459,EXP_017,USA,50726.91,40.12,Medium,Standard risk profile. No major red flags.,0.0869565217391304,66.95652173913044,0.6058587978702927,0.10714285714285714
INV_0460,EXP_018,Singapore,77577.39,9.46,Low,Standard risk profile. No major red flags.,0.0,3.473684210526316,0.7858847582647531,0.08196721311475409
INV_0461,EXP_048,UAE,69262.73,48.23,Medium,Risk Drivers: High-risk importer country (UAE),0.0909090909090909,75.72727272727273,0.8740531144214054,0.13286713286713286
INV_0462,EXP_023,Germany,135866.34,68.61,Medium,Risk Drivers: Frequent payment delays (138.9 days avg),0.1428571428571428,138.89285714285714,1.775393435834736,0.06289308176100629
INV_0463,EXP_047,UK,18072.01,24.49,Low,Standard risk profile. No major red flags.,0.0526315789473684,48.05263157894737,0.1945278396316658,0.09210526315789473
INV_0464,EXP_047,Canada,65783.57,24.81,Low,Standard risk profile. No major red flags.,0.0526315789473684,48.05263157894737,0.7080969828678974,0.06206896551724138
INV_0465,EXP_004,UAE,106822.64,50.6,Medium,Risk Drivers: High-risk importer country (UAE),0.1111111111111111,48.629629629629626,1.3239319689279772,0.13286713286713286
INV_0466,EXP_028,Germany,12604.22,36.95,Medium,Standard risk profile. No major red flags.,0.1052631578947368,83.57894736842105,0.1297885667902339,0.06289308176100629
INV_0467,EXP_035,Canada,13489.69,24.45,Low,Standard risk profile. No major red flags.,0.074074074074074,49.51851851851852,0.1455648566587842,0.06206896551724138
INV_0468,EXP_019,Germany,143163.42,70.94,High,Risk Drivers: High historical default rate (19.0%); Unusual invoice amount (high volatility),0.1904761904761904,91.47619047619048,2.069102915046372,0.06289308176100629
INV_0469,EXP_015,USA,28562.03,26.85,Low,Standard risk profile. No major red flags.,0.0476190476190476,47.714285714285715,0.3588751757316913,0.10714285714285714
INV_0470,EXP_015,UAE,33665.0,30.8,Medium,Risk Drivers: High-risk importer country (UAE),0.0476190476190476,47.714285714285715,0.422992791163912,0.13286713286713286
INV_0471,EXP_039,USA,55477.93,27.72,Low,Standard risk profile. No major red flags.,0.0416666666666666,40.833333333333336,0.7573490116434811,0.10714285714285714
INV_0472,EXP_025,UK,63746.45,30.81,Medium,Standard risk profile. No major red flags.,0.0454545454545454,56.04545454545455,0.9263737513850636,0.09210526315789473
INV_0473,EXP_004,Canada,131435.36,43.75,Medium,Standard risk profile. No major red flags.,0.1111111111111111,48.629629629629626,1.6289756080879247,0.06206896551724138
INV_0474,EXP_002,USA,33475.85,29.66,Low,Standard risk profile. No major red flags.,0.0625,45.8125,0.4017944693585447,0.10714285714285714
INV_0475,EXP_002,UK,27693.52,27.09,Low,Standard risk profile. No major red flags.,0.0625,45.8125,0.3323919533953655,0.09210526315789473
INV_0476,EXP_011,France,123076.9,13.48,Low,Standard risk profile. No major red flags.,0.0,2.923076923076923,1.6642363264289497,0.05755395683453238
INV_0477,EXP_008,UK,127282.95,32.16,Medium,Standard risk profile. No major red flags.,0.0555555555555555,18.0,1.737824107049377,0.09210526315789473
INV_0478,EXP_018,UK,122387.84,14.62,Low,Standard risk profile. No major red flags.,0.0,3.473684210526316,1.2398295180199448,0.09210526315789473
INV_0479,EXP_042,USA,147193.58,56.85,Medium,Standard risk profile. No major red flags.,0.1,82.05,1.9565162315651776,0.10714285714285714
INV_0480,EXP_004,Singapore,49401.76,37.87,Medium,Standard risk profile. No major red flags.,0.1111111111111111,48.629629629629626,0.6122725424620417,0.08196721311475409
INV_0481,EXP_043,UAE,145126.68,57.06,Medium,Risk Drivers: High historical default rate (15.0%); High-risk importer country (UAE),0.15,30.0,1.6437418443528198,0.13286713286713286
INV_0482,EXP_048,France,88962.64,40.32,Medium,Standard risk profile. No major red flags.,0.0909090909090909,75.72727272727273,1.1226538797871568,0.05755395683453238
INV_0483,EXP_021,UK,83197.63,22.68,Low,Standard risk profile. No major red flags.,0.0476190476190476,4.238095238095238,1.1041711303175563,0.09210526315789473
INV_0484,EXP_033,Germany,92836.97,41.61,Medium,Standard risk profile. No major red flags.,0.0952380952380952,71.0,1.2027403675776058,0.06289308176100629
INV_0485,EXP_004,UK,83889.5,42.8,Medium,Standard risk profile. No major red flags.,0.1111111111111111,48.629629629629626,1.03970460669558,0.09210526315789473
INV_0486,EXP_034,Canada,109129.72,36.75,Medium,Standard risk profile. No major red flags.,0.0769230769230769,55.46153846153846,1.411085659979374,0.06206896551724138
INV_0487,EXP_022,Germany,14451.79,42.76,Medium,Standard risk profile. No major red flags.,0.12,96.52,0.189722513323054,0.06289308176100629
INV_0488,EXP_025,UAE,79715.53,38.17,Medium,Risk Drivers: High-risk importer country (UAE),0.0454545454545454,56.04545454545455,1.1584390122077166,0.13286713286713286
INV_0489,EXP_014,UAE,67867.67,27.48,Low,Risk Drivers: High-risk importer country (UAE),0.0416666666666666,21.25,0.77367541073361,0.13286713286713286
INV_0490,EXP_018,UAE,47724.52,13.69,Low,Risk Drivers: High-risk importer country (UAE),0.0,3.473684210526316,0.4834652578992587,0.13286713286713286
INV_0491,EXP_023,UAE,20082.45,65.21,Medium,Risk Drivers: Frequent payment delays (138.9 days avg); High-risk importer country (UAE),0.1428571428571428,138.89285714285714,0.2624215085611292,0.13286713286713286
INV_0492,EXP_031,Canada,34910.86,3.43,Low,Standard risk profile. No major red flags.,0.0,2.473684210526316,0.4049034937648845,0.06206896551724138
INV_0493,EXP_017,UAE,120417.93,50.52,Medium,Risk Drivers: High-risk importer country (UAE),0.0869565217391304,66.95652173913044,1.4382161718864612,0.13286713286713286
INV_0494,EXP_007,Canada,112684.32,73.38,High,Risk Drivers: High historical default rate (19.0%); Frequent payment delays (113.3 days avg),0.1904761904761904,113.28571428571428,1.869677223460204,0.06206896551724138
INV_0495,EXP_036,Singapore,116619.24,58.26,Medium,Standard risk profile. No major red flags.,0.1333333333333333,99.1,1.3745032194920646,0.08196721311475409
INV_0496,EXP_037,UK,33600.2,46.89,Medium,Standard risk profile. No major red flags.,0.1363636363636363,70.45454545454545,0.4511762981704355,0.09210526315789473
INV_0497,EXP_045,USA,15672.66,27.55,Low,Standard risk profile. No major red flags.,0.0555555555555555,46.94444444444444,0.2813988196960943,0.10714285714285714
INV_0498,EXP_044,France,60999.87,56.45,Medium,Risk Drivers: Frequent payment delays (112.9 days avg),0.1428571428571428,112.92857142857144,1.00933356611877,0.05755395683453238
INV_0499,EXP_027,France,112448.55,32.48,Medium,Standard risk profile. No major red flags.,0.0588235294117647,60.11764705882353,1.275190617656628,0.05755395683453238
INV_0500,EXP_023,Canada,127088.63,67.54,Medium,Risk Drivers: Frequent payment delays (138.9 days avg),0.1428571428571428,138.89285714285714,1.6606932921813418,0.06206896551724138
INV_0501,EXP_038,Canada,139415.53,46.91,Medium,Standard risk profile. No major red flags.,0.1176470588235294,55.64705882352941,1.6957193693722734,0.06206896551724138
INV_0502,EXP_030,UAE,90170.47,47.79,Medium,Risk Drivers: High-risk importer country (UAE),0.1,52.5,1.151887316396241,0.13286713286713286
INV_0503,EXP_030,Canada,69993.04,36.23,Medium,Standard risk profile. No major red flags.,0.1,52.5,0.8941296969175689,0.06206896551724138
INV_0504,EXP_011,Germany,22505.78,2.79,Low,Standard risk profile. No major red flags.,0.0,2.923076923076923,0.304321417184038,0.06289308176100629
INV_0505,EXP_031,Canada,36367.59,3.58,Low,Standard risk profile. No major red flags.,0.0,2.473684210526316,0.4217989545605257,0.06206896551724138
INV_0506,EXP_033,France,37104.53,34.84,Medium,Standard risk profile. No major red flags.,0.0952380952380952,71.0,0.4807041424444842,0.05755395683453238
INV_0507,EXP_001,USA,49599.58,59.06,Medium,Risk Drivers: Frequent payment delays (114.1 days avg),0.1363636363636363,114.0909090909091,0.6561197016833197,0.10714285714285714
INV_0508,EXP_020,UK,41962.51,25.13,Low,Standard risk profile. No major red flags.,0.0555555555555555,34.611111111111114,0.5153532837430762,0.09210526315789473
INV_0509,EXP_003,Germany,96174.35,11.74,Low,Standard risk profile. No major red flags.,0.0,8.619047619047619,1.2404132529007876,0.06289308176100629
INV_0510,EXP_007,France,69666.04,66.79,Medium,Risk Drivers: High historical default rate (19.0%); Frequent payment delays (113.3 days avg),0.1904761904761904,113.28571428571428,1.1559106736116214,0.05755395683453238
INV_0511,EXP_003,Canada,95040.17,11.51,Low,Standard risk profile. No major red flags.,0.0,8.619047619047619,1.225785112412445,0.06206896551724138
INV_0512,EXP_002,Germany,22159.44,22.65,Low,Standard risk profile. No major red flags.,0.0625,45.8125,0.2659690623563706,0.06289308176100629
INV_0513,EXP_001,UAE,37848.62,61.17,Medium,Risk Drivers: Frequent payment delays (114.1 days avg); High-risk importer country (UAE),0.1363636363636363,114.0909090909091,0.5006741037630827,0.13286713286713286
INV_0514,EXP_035,USA,148793.39,42.68,Medium,Standard risk profile. No major red flags.,0.074074074074074,49.51851851851852,1.605603130029273,0.10714285714285714
INV_0515,EXP_041,USA,72966.04,58.33,Medium,Risk Drivers: Frequent payment delays (119.2 days avg),0.1176470588235294,119.17647058823528,0.8751349656173985,0.10714285714285714
INV_0516,EXP_008,France,5157.97,13.59,Low,Standard risk profile. No major red flags.,0.0555555555555555,18.0,0.0704229797426715,0.05755395683453238
INV_0517,EXP_007,UAE,40126.58,72.68,High,Risk Drivers: High historical default rate (19.0%); Frequent payment delays (113.3 days avg); High-risk importer country (UAE),0.1904761904761904,113.28571428571428,0.6657869762301779,0.13286713286713286
INV_0518,EXP_047,UK,98822.25,31.78,Medium,Standard risk profile. No major red flags.,0.0526315789473684,48.05263157894737,1.0637266579666786,0.09210526315789473
INV_0519,EXP_036,UAE,34073.14,56.86,Medium,Risk Drivers: High-risk importer country (UAE),0.1333333333333333,99.1,0.4015944592693611,0.13286713286713286
INV_0520,EXP_029,Germany,77967.93,44.06,Medium,Standard risk profile. No major red flags.,0.0833333333333333,101.25,1.0659803820860227,0.06289308176100629
INV_0521,EXP_017,USA,24038.51,37.45,Medium,Standard risk profile. No major red flags.,0.0869565217391304,66.95652173913044,0.2871048674400433,0.10714285714285714
INV_0522,EXP_040,Germany,142645.89,12.57,Low,Standard risk profile. No major red flags.,0.0,2.375,1.4829531976972945,0.06289308176100629
INV_0523,EXP_006,France,11614.63,14.91,Low,Standard risk profile. No major red flags.,0.0555555555555555,20.61111111111111,0.1673399351375608,0.05755395683453238
INV_0524,EXP_049,France,43664.82,29.12,Low,Standard risk profile. No major red flags.,0.0588235294117647,65.88235294117646,0.7419961262965469,0.05755395683453238
INV_0525,EXP_006,USA,8984.4,21.18,Low,Standard risk profile. No major red flags.,0.0555555555555555,20.61111111111111,0.1294444087542953,0.10714285714285714
INV_0526,EXP_010,Canada,144265.07,27.57,Low,Standard risk profile. No major red flags.,0.0357142857142857,35.714285714285715,1.7060330188533617,0.06206896551724138
INV_0527,EXP_037,UAE,77742.02,57.27,Medium,Risk Drivers: High-risk importer country (UAE),0.1363636363636363,70.45454545454545,1.043903214739554,0.13286713286713286
INV_0528,EXP_026,France,98634.66,37.94,Medium,Standard risk profile. No major red flags.,0.0833333333333333,64.125,1.2787285072097208,0.05755395683453238
INV_0529,EXP_014,Canada,123996.92,23.45,Low,Standard risk profile. No major red flags.,0.0416666666666666,21.25,1.4135356055497792,0.06206896551724138
INV_0530,EXP_025,Canada,110528.16,32.52,Medium,Standard risk profile. No major red flags.,0.0454545454545454,56.04545454545455,1.6062131493265672,0.06206896551724138
INV_0531,EXP_028,France,93730.41,43.25,Medium,Standard risk profile. No major red flags.,0.1052631578947368,83.57894736842105,0.9651636974410964,0.05755395683453238
INV_0532,EXP_036,Canada,114801.22,55.44,Medium,Standard risk profile. No major red flags.,0.1333333333333333,99.1,1.3530755859120398,0.06206896551724138
INV_0533,EXP_040,Singapore,58934.21,7.8,Low,Standard risk profile. No major red flags.,0.0,2.375,0.6126827430728207,0.08196721311475409
INV_0534,EXP_022,Canada,53279.88,46.93,Medium,Standard risk profile. No major red flags.,0.12,96.52,0.6994561049635181,0.06206896551724138
INV_0535,EXP_042,Singapore,5763.57,37.74,Medium,Standard risk profile. No major red flags.,0.1,82.05,0.0766101229195058,0.08196721311475409
INV_0536,EXP_035,France,94137.58,31.15,Medium,Standard risk profile. No major red flags.,0.074074074074074,49.51851851851852,1.0158219602455532,0.05755395683453238
INV_0537,EXP_017,USA,42269.2,39.27,Medium,Standard risk profile. No major red flags.,0.0869565217391304,66.95652173913044,0.5048438136472135,0.10714285714285714
INV_0538,EXP_033,Singapore,80655.7,42.82,Medium,Standard risk profile. No major red flags.,0.0952380952380952,71.0,1.0449271046354605,0.08196721311475409
INV_0539,EXP_039,UAE,112650.31,37.68,Medium,Risk Drivers: High-risk importer country (UAE),0.0416666666666666,40.833333333333336,1.5378295646544806,0.13286713286713286
INV_0540,EXP_011,France,123486.32,13.53,Low,Standard risk profile. No major red flags.,0.0,2.923076923076923,1.669772472015705,0.05755395683453238
INV_0541,EXP_025,UAE,70259.88,37.02,Medium,Risk Drivers: High-risk importer country (UAE),0.0454545454545454,56.04545454545455,1.021027972655174,0.13286713286713286
INV_0542,EXP_023,Singapore,40517.7,60.7,Medium,Risk Drivers: Frequent payment delays (138.9 days avg),0.1428571428571428,138.89285714285714,0.529453127353847,0.08196721311475409
INV_0543,EXP_046,Germany,142749.6,66.67,Medium,Risk Drivers: High historical default rate (15.8%); Unusual invoice amount (high volatility),0.1578947368421052,103.63157894736842,2.0177583617468753,0.06289308176100629
INV_0544,EXP_042,Germany,61523.65,41.42,Medium,Standard risk profile. No major red flags.,0.1,82.05,0.8177803668484382,0.06289308176100629
INV_0545,EXP_007,UK,31097.59,66.01,Medium,Risk Drivers: High historical default rate (19.0%); Frequent payment delays (113.3 days avg),0.1904761904761904,113.28571428571428,0.5159764528685429,0.09210526315789473
INV_0546,EXP_024,Germany,18551.06,71.92,High,Risk Drivers: High historical default rate (21.1%); Frequent payment delays (157.2 days avg),0.2105263157894736,157.21052631578948,0.214028816742943,0.06289308176100629
INV_0547,EXP_039,Singapore,52795.0,24.07,Low,Standard risk profile. No major red flags.,0.0416666666666666,40.833333333333336,0.7207233772009443,0.08196721311475409
INV_0548,EXP_015,Singapore,69139.13,27.78,Low,Standard risk profile. No major red flags.,0.0476190476190476,47.714285714285715,0.8687168744198593,0.08196721311475409
INV_0549,EXP_006,UK,93716.66,29.42,Low,Standard risk profile. No major red flags.,0.0555555555555555,20.61111111111111,1.3502401545041764,0.09210526315789473
INV_0550,EXP_033,Singapore,102812.06,45.22,Medium,Standard risk profile. No major red flags.,0.0952380952380952,71.0,1.3319716793407936,0.08196721311475409
INV_0551,EXP_025,France,47812.46,24.28,Low,Standard risk profile. No major red flags.,0.0454545454545454,56.04545454545455,0.6948184241341802,0.05755395683453238
INV_0552,EXP_008,USA,60434.77,26.51,Low,Standard risk profile. No major red flags.,0.0555555555555555,18.0,0.8251301545885327,0.10714285714285714
INV_0553,EXP_026,Singapore,57068.91,36.66,Medium,Standard risk profile. No major red flags.,0.0833333333333333,64.125,0.7398579981153268,0.08196721311475409
INV_0554,EXP_036,Canada,85039.36,52.5,Medium,Standard risk profile. No major red flags.,0.1333333333333333,99.1,1.0022949395275145,0.06206896551724138
INV_0555,EXP_028,Germany,116525.11,45.92,Medium,Standard risk profile. No major red flags.,0.1052631578947368,83.57894736842105,1.1998859923084777,0.06289308176100629
INV_0556,EXP_045,UK,8170.92,24.43,Low,Standard risk profile. No major red flags.,0.0555555555555555,46.94444444444444,0.1467068923738032,0.09210526315789473
INV_0557,EXP_019,France,32881.78,56.86,Medium,Risk Drivers: High historical default rate (19.0%),0.1904761904761904,91.47619047619048,0.4752316398275026,0.05755395683453238
INV_0558,EXP_005,Canada,26862.45,32.92,Medium,Standard risk profile. No major red flags.,0.0909090909090909,67.18181818181819,0.3663330784964094,0.06206896551724138
INV_0559,EXP_046,France,11600.98,50.41,Medium,Risk Drivers: High historical default rate (15.8%),0.1578947368421052,103.63157894736842,0.1639792643864379,0.05755395683453238
INV_0560,EXP_022,UAE,119592.4,63.63,Medium,Risk Drivers: High-risk importer country (UAE),0.12,96.52,1.5700041795747106,0.13286713286713286
INV_0561,EXP_050,USA,123906.04,67.52,Medium,Risk Drivers: Frequent payment delays (121.4 days avg),0.1428571428571428,121.42857142857144,1.3475780392091912,0.10714285714285714
INV_0562,EXP_050,UAE,132700.21,71.73,High,Risk Drivers: Frequent payment delays (121.4 days avg); High-risk importer country (UAE),0.1428571428571428,121.42857142857144,1.4432217250623771,0.13286713286713286
INV_0563,EXP_024,USA,139833.53,89.53,High,Risk Drivers: High historical default rate (21.1%); Frequent payment delays (157.2 days avg),0.2105263157894736,157.21052631578948,1.613298914826906,0.10714285714285714
INV_0564,EXP_037,Canada,5153.63,39.7,Medium,Standard risk profile. No major red flags.,0.1363636363636363,70.45454545454545,0.0692018412253528,0.06206896551724138
INV_0565,EXP_018,USA,121607.75,16.55,Low,Standard risk profile. No major red flags.,0.0,3.473684210526316,1.2319269469090226,0.10714285714285714
INV_0566,EXP_040,Germany,61394.69,5.48,Low,Standard risk profile. No major red flags.,0.0,2.375,0.6382620057061167,0.06289308176100629
INV_0567,EXP_035,USA,22992.69,31.29,Medium,Standard risk profile. No major red flags.,0.074074074074074,49.51851851851852,0.2481100473064882,0.10714285714285714
INV_0568,EXP_036,UAE,55854.93,59.01,Medium,Risk Drivers: High-risk importer country (UAE),0.1333333333333333,99.1,0.6583200260051764,0.13286713286713286
INV_0569,EXP_004,UAE,27894.12,42.39,Medium,Risk Drivers: High-risk importer country (UAE),0.1111111111111111,48.629629629629626,0.345712455834393,0.13286713286713286
INV_0570,EXP_013,France,95853.77,54.74,Medium,Risk Drivers: High historical default rate (15.8%),0.1578947368421052,72.26315789473684,1.4041569738491362,0.05755395683453238
INV_0571,EXP_010,USA,113168.57,30.47,Medium,Standard risk profile. No major red flags.,0.0357142857142857,35.714285714285715,1.338295660317622,0.10714285714285714
INV_0572,EXP_041,Germany,80720.69,53.23,Medium,Risk Drivers: Frequent payment delays (119.2 days avg),0.1176470588235294,119.17647058823528,0.9681421421220432,0.06289308176100629
INV_0573,EXP_044,France,103104.51,62.29,Medium,Risk Drivers: Frequent payment delays (112.9 days avg),0.1428571428571428,112.92857142857144,1.7060174515327389,0.05755395683453238
INV_0574,EXP_036,Germany,73933.61,51.51,Medium,Standard risk profile. No major red flags.,0.1333333333333333,99.1,0.8713998219648036,0.06289308176100629
INV_0575,EXP_023,UAE,101554.16,74.14,High,Risk Drivers: Frequent payment delays (138.9 days avg); High-risk importer country (UAE),0.1428571428571428,138.89285714285714,1.3270291158627705,0.13286713286713286
INV_0576,EXP_010,UAE,123417.82,34.9,Medium,Risk Drivers: High-risk importer country (UAE),0.0357142857142857,35.714285714285715,1.4595000441541448,0.13286713286713286
INV_0577,EXP_010,Singapore,73167.16,23.16,Low,Standard risk profile. No major red flags.,0.0357142857142857,35.714285714285715,0.8652516569376559,0.08196721311475409
INV_0578,EXP_003,USA,63745.98,14.11,Low,Standard risk profile. No major red flags.,0.0,8.619047619047619,0.8221668086256735,0.10714285714285714
INV_0579,EXP_012,UAE,63170.04,15.25,Low,Risk Drivers: High-risk importer country (UAE),0.0,3.3157894736842106,0.6734145050630951,0.13286713286713286
INV_0580,EXP_023,France,11884.9,54.32,Medium,Risk Drivers: Frequent payment delays (138.9 days avg),0.1428571428571428,138.89285714285714,0.1553024350663472,0.05755395683453238
INV_0581,EXP_039,Singapore,66679.18,25.66,Low,Standard risk profile. No major red flags.,0.0416666666666666,40.833333333333336,0.9102612709269752,0.08196721311475409
INV_0582,EXP_019,France,84825.03,63.16,Medium,Risk Drivers: High historical default rate (19.0%),0.1904761904761904,91.47619047619048,1.2259536468316832,0.05755395683453238
INV_0583,EXP_023,Germany,66767.91,61.04,Medium,Risk Drivers: Frequent payment delays (138.9 days avg),0.1428571428571428,138.89285714285714,0.8724700256031365,0.06289308176100629
INV_0584,EXP_022,Germany,42480.14,45.85,Medium,Standard risk profile. No major red flags.,0.12,96.52,0.5576775560062249,0.06289308176100629
INV_0585,EXP_029,Germany,99647.33,46.54,Medium,Standard risk profile. No major red flags.,0.0833333333333333,101.25,1.3623819294324218,0.06289308176100629
INV_0586,EXP_014,UAE,123930.66,32.84,Medium,Risk Drivers: High-risk importer country (UAE),0.0416666666666666,21.25,1.412780257197387,0.13286713286713286
INV_0587,EXP_038,France,47911.77,36.98,Medium,Standard risk profile. No major red flags.,0.1176470588235294,55.64705882352941,0.5827537033349829,0.05755395683453238
INV_0588,EXP_048,USA,25483.4,40.19,Medium,Standard risk profile. No major red flags.,0.0909090909090909,75.72727272727273,0.321584857195875,0.10714285714285714
INV_0589,EXP_013,Singapore,32135.32,50.15,Medium,Risk Drivers: High historical default rate (15.8%),0.1578947368421052,72.26315789473684,0.470748658971615,0.08196721311475409
INV_0590,EXP_023,USA,67473.72,66.99,Medium,Risk Drivers: Frequent payment delays (138.9 days avg),0.1428571428571428,138.89285714285714,0.8816929901795467,0.10714285714285714
INV_0591,EXP_018,UK,133594.65,15.57,Low,Standard risk profile. No major red flags.,0.0,3.473684210526316,1.3533582300295783,0.09210526315789473
INV_0592,EXP_033,Canada,40407.87,35.8,Medium,Standard risk profile. No major red flags.,0.0952380952380952,71.0,0.5235002436726244,0.06206896551724138
INV_0593,EXP_049,UAE,33663.99,37.7,Medium,Risk Drivers: High-risk importer country (UAE),0.0588235294117647,65.88235294117646,0.5720520587439886,0.13286713286713286
INV_0594,EXP_021,UK,136762.43,28.64,Low,Standard risk profile. No major red flags.,0.0476190476190476,4.238095238095238,1.8150652478691485,0.09210526315789473
INV_0595,EXP_027,Singapore,71217.07,31.8,Medium,Standard risk profile. No major red flags.,0.0588235294117647,60.11764705882353,0.8076168121420447,0.08196721311475409
INV_0596,EXP_042,Singapore,117024.03,50.14,Medium,Standard risk profile. No major red flags.,0.1,82.05,1.555498644561606,0.08196721311475409
INV_0597,EXP_033,Canada,68643.8,38.87,Medium,Standard risk profile. No major red flags.,0.0952380952380952,71.0,0.8893080983138901,0.06206896551724138
INV_0598,EXP_017,Germany,96942.44,38.87,Medium,Standard risk profile. No major red flags.,0.0869565217391304,66.95652173913044,1.157835755440514,0.06289308176100629
INV_0599,EXP_026,Germany,66595.66,35.17,Medium,Standard risk profile. No major red flags.,0.0833333333333333,64.125,0.8633655643811832,0.06289308176100629
INV_0600,EXP_038,Canada,118494.76,44.78,Medium,Standard risk profile. No major red flags.,0.1176470588235294,55.64705882352941,1.4412588016637664,0.06206896551724138
INV_0601,EXP_010,France,7921.02,13.45,Low,Standard risk profile. No major red flags.,0.0357142857142857,35.714285714285715,0.0936714733718831,0.05755395683453238
INV_0602,EXP_021,UK,97896.32,24.31,Low,Standard risk profile. No major red flags.,0.0476190476190476,4.238095238095238,1.299247229858942,0.09210526315789473
INV_0603,EXP_008,UK,5584.01,18.23,Low,Standard risk profile. No major red flags.,0.0555555555555555,18.0,0.0762398042471893,0.09210526315789473
INV_0604,EXP_043,Singapore,127954.45,48.67,Medium,Risk Drivers: High historical default rate (15.0%),0.15,30.0,1.449244781429236,0.08196721311475409
INV_0605,EXP_050,Canada,76569.71,57.21,Medium,Risk Drivers: Frequent payment delays (121.4 days avg),0.1428571428571428,121.42857142857144,0.8327573027482471,0.06206896551724138
INV_0606,EXP_042,UAE,107773.39,55.87,Medium,Risk Drivers: High-risk importer country (UAE),0.1,82.05,1.4325379331476564,0.13286713286713286
INV_0607,EXP_020,UAE,44010.95,30.75,Medium,Risk Drivers: High-risk importer country (UAE),0.0555555555555555,34.611111111111114,0.5405107464532588,0.13286713286713286
INV_0608,EXP_025,UK,63130.7,30.74,Medium,Standard risk profile. No major red flags.,0.0454545454545454,56.04545454545455,0.9174255725074107,0.09210526315789473
INV_0609,EXP_046,Germany,104864.4,62.18,Medium,Risk Drivers: High historical default rate (15.8%),0.1578947368421052,103.63157894736842,1.4822529796900938,0.06289308176100629
INV_0610,EXP_034,USA,5419.58,31.49,Medium,Standard risk profile. No major red flags.,0.0769230769230769,55.46153846153846,0.0700770754393121,0.10714285714285714
INV_0611,EXP_020,UAE,20815.3,28.36,Low,Risk Drivers: High-risk importer country (UAE),0.0555555555555555,34.611111111111114,0.2556385022511106,0.13286713286713286
INV_0612,EXP_009,Germany,136405.72,27.19,Low,Standard risk profile. No major red flags.,0.0526315789473684,22.157894736842103,1.577378641381188,0.06289308176100629
INV_0613,EXP_009,USA,48119.55,24.5,Low,Standard risk profile. No major red flags.,0.0526315789473684,22.157894736842103,0.5564484422124977,0.10714285714285714
INV_0614,EXP_041,USA,18011.17,52.8,Medium,Risk Drivers: Frequent payment delays (119.2 days avg),0.1176470588235294,119.17647058823528,0.2160211056907997,0.10714285714285714
INV_0615,EXP_047,UK,73586.6,29.5,Low,Standard risk profile. No major red flags.,0.0526315789473684,48.05263157894737,0.7920891103889134,0.09210526315789473
INV_0616,EXP_003,France,12958.15,2.03,Low,Standard risk profile. No major red flags.,0.0,8.619047619047619,0.1671283558773866,0.05755395683453238
INV_0617,EXP_042,Germany,18197.76,36.59,Medium,Standard risk profile. No major red flags.,0.1,82.05,0.2418869954662936,0.06289308176100629
INV_0618,EXP_012,UK,33710.21,7.2,Low,Standard risk profile. No major red flags.,0.0,3.3157894736842106,0.3593625139816754,0.09210526315789473
INV_0619,EXP_007,USA,7639.85,64.75,Medium,Risk Drivers: High historical default rate (19.0%); Frequent payment delays (113.3 days avg),0.1904761904761904,113.28571428571428,0.1267616784274195,0.10714285714285714
INV_0620,EXP_049,USA,100614.65,43.82,Medium,Standard risk profile. No major red flags.,0.0588235294117647,65.88235294117646,1.709744378854255,0.10714285714285714
INV_0621,EXP_044,UK,100433.15,66.51,Medium,Risk Drivers: Frequent payment delays (112.9 days avg),0.1428571428571428,112.92857142857144,1.661815827575392,0.09210526315789473
INV_0622,EXP_035,Canada,96156.98,31.93,Medium,Standard risk profile. No major red flags.,0.074074074074074,49.51851851851852,1.0376129481434773,0.06206896551724138
INV_0623,EXP_005,UAE,5288.36,39.85,Medium,Risk Drivers: High-risk importer country (UAE),0.0909090909090909,67.18181818181819,0.0721193040469976,0.13286713286713286
INV_0624,EXP_020,Germany,34750.17,20.51,Low,Standard risk profile. No major red flags.,0.0555555555555555,34.611111111111114,0.4267765255255258,0.06289308176100629
INV_0625,EXP_029,UAE,86464.85,54.32,Medium,Risk Drivers: High-risk importer country (UAE),0.0833333333333333,101.25,1.1821505821689848,0.13286713286713286
INV_0626,EXP_006,UAE,79074.77,33.06,Medium,Risk Drivers: High-risk importer country (UAE),0.0555555555555555,20.61111111111111,1.1392844096469317,0.13286713286713286
INV_0627,EXP_019,USA,27150.89,62.75,Medium,Risk Drivers: High historical default rate (19.0%),0.1904761904761904,91.47619047619048,0.3924046075813457,0.10714285714285714
INV_0628,EXP_046,USA,32499.45,59.48,Medium,Risk Drivers: High historical default rate (15.8%),0.1578947368421052,103.63157894736842,0.459378078745401,0.10714285714285714
INV_0629,EXP_006,UK,40058.11,22.94,Low,Standard risk profile. No major red flags.,0.0555555555555555,20.61111111111111,0.5771446468060779,0.09210526315789473
INV_0630,EXP_023,Singapore,68714.23,63.79,Medium,Risk Drivers: Frequent payment delays (138.9 days avg),0.1428571428571428,138.89285714285714,0.897902989735635,0.08196721311475409
INV_0631,EXP_026,Germany,142890.42,43.46,Medium,Standard risk profile. No major red flags.,0.0833333333333333,64.125,1.8524730907083784,0.06289308176100629
INV_0632,EXP_046,Germany,27649.45,53.03,Medium,Risk Drivers: High historical default rate (15.8%),0.1578947368421052,103.63157894736842,0.3908235745333236,0.06289308176100629
INV_0633,EXP_023,Singapore,144606.26,72.1,High,Risk Drivers: Frequent payment delays (138.9 days avg),0.1428571428571428,138.89285714285714,1.8895997697782336,0.08196721311475409
INV_0634,EXP_035,UK,48860.12,31.64,Medium,Standard risk profile. No major red flags.,0.074074074074074,49.51851851851852,0.5272409050268018,0.09210526315789473
INV_0635,EXP_037,Singapore,108252.09,53.95,Medium,Standard risk profile. No major red flags.,0.1363636363636363,70.45454545454545,1.4535859082806897,0.08196721311475409
INV_0636,EXP_013,Canada,96257.84,55.39,Medium,Risk Drivers: High historical default rate (15.8%),0.1578947368421052,72.26315789473684,1.410076174611122,0.06206896551724138
INV_0637,EXP_001,Canada,14779.44,49.21,Medium,Risk Drivers: Frequent payment delays (114.1 days avg),0.1363636363636363,114.0909090909091,0.1955073362283818,0.06206896551724138
INV_0638,EXP_009,Germany,103861.33,24.03,Low,Standard risk profile. No major red flags.,0.0526315789473684,22.157894736842103,1.2010393963496782,0.06289308176100629
INV_0639,EXP_015,UK,130661.78,35.61,Medium,Standard risk profile. No major red flags.,0.0476190476190476,47.714285714285715,1.6417344726168133,0.09210526315789473
INV_0640,EXP_024,UK,20469.35,75.99,High,Risk Drivers: High historical default rate (21.1%); Frequent payment delays (157.2 days avg),0.2105263157894736,157.21052631578948,0.2361606700639834,0.09210526315789473
INV_0641,EXP_035,UK,129113.54,38.9,Medium,Standard risk profile. No major red flags.,0.074074074074074,49.51851851851852,1.3932413526780976,0.09210526315789473
INV_0642,EXP_006,France,92453.22,24.68,Low,Standard risk profile. No major red flags.,0.0555555555555555,20.61111111111111,1.3320369084558563,0.05755395683453238
INV_0643,EXP_008,France,87803.83,23.06,Low,Standard risk profile. No major red flags.,0.0555555555555555,18.0,1.1988063795289574,0.05755395683453238
INV_0644,EXP_035,Singapore,45925.15,30.03,Medium,Standard risk profile. No major red flags.,0.074074074074074,49.51851851851852,0.4955701633457229,0.08196721311475409
INV_0645,EXP_020,UAE,113214.63,37.88,Medium,Risk Drivers: High-risk importer country (UAE),0.0555555555555555,34.611111111111114,1.3904204333405554,0.13286713286713286
INV_0646,EXP_009,France,140852.52,26.91,Low,Standard risk profile. No major red flags.,0.0526315789473684,22.157894736842103,1.628800878971326,0.05755395683453238
INV_0647,EXP_021,UAE,81769.81,27.93,Low,Risk Drivers: High-risk importer country (UAE),0.0476190476190476,4.238095238095238,1.0852215806333887,0.13286713286713286
INV_0648,EXP_010,Canada,105253.97,23.7,Low,Standard risk profile. No major red flags.,0.0357142857142857,35.714285714285715,1.24470010783207,0.06206896551724138
INV_0649,EXP_012,USA,17030.83,7.71,Low,Standard risk profile. No major red flags.,0.0,3.3157894736842106,0.1815545463524118,0.10714285714285714
INV_0650,EXP_042,France,36464.58,37.92,Medium,Standard risk profile. No major red flags.,0.1,82.05,0.4846919454449505,0.05755395683453238
INV_0651,EXP_014,UK,111028.14,26.2,Low,Standard risk profile. No major red flags.,0.0416666666666666,21.25,1.2656945761875833,0.09210526315789473
INV_0652,EXP_019,UAE,6795.58,63.7,Medium,Risk Drivers: High historical default rate (19.0%); High-risk importer country (UAE),0.1904761904761904,91.47619047619048,0.0982147142575304,0.13286713286713286
INV_0653,EXP_040,Canada,119998.52,10.48,Low,Standard risk profile. No major red flags.,0.0,2.375,1.247510103185887,0.06206896551724138
INV_0654,EXP_008,USA,57416.98,26.16,Low,Standard risk profile. No major red flags.,0.0555555555555555,18.0,0.7839275566599607,0.10714285714285714
INV_0655,EXP_027,Germany,42635.88,26.55,Low,Standard risk profile. No major red flags.,0.0588235294117647,60.11764705882353,0.4835000020145557,0.06289308176100629
INV_0656,EXP_013,Germany,56178.83,50.57,Medium,Risk Drivers: High historical default rate (15.8%),0.1578947368421052,72.26315789473684,0.8229608071459794,0.06289308176100629
INV_0657,EXP_009,Canada,105182.08,24.05,Low,Standard risk profile. No major red flags.,0.0526315789473684,22.157894736842103,1.2163123837332293,0.06206896551724138
INV_0658,EXP_019,UK,146372.1,75.2,High,Risk Drivers: High historical default rate (19.0%); Unusual invoice amount (high volatility),0.1904761904761904,91.47619047619048,2.115477115533137,0.09210526315789473
INV_0659,EXP_048,UAE,28124.71,43.88,Medium,Risk Drivers: High-risk importer country (UAE),0.0909090909090909,75.72727272727273,0.3549165672173021,0.13286713286713286
INV_0660,EXP_037,Canada,24088.43,41.83,Medium,Standard risk profile. No major red flags.,0.1363636363636363,70.45454545454545,0.3234542852762086,0.06206896551724138
INV_0661,EXP_013,USA,85190.18,60.01,Medium,Risk Drivers: High historical default rate (15.8%),0.1578947368421052,72.26315789473684,1.2479465893773731,0.10714285714285714
INV_0662,EXP_036,France,89689.95,52.36,Medium,Standard risk profile. No major red flags.,0.1333333333333333,99.1,1.0571079440329254,0.05755395683453238
INV_0663,EXP_024,Singapore,55771.54,78.06,High,Risk Drivers: High historical default rate (21.1%); Frequent payment delays (157.2 days avg),0.2105263157894736,157.21052631578948,0.6434520029654217,0.08196721311475409
INV_0664,EXP_023,France,51093.22,58.61,Medium,Risk Drivers: Frequent payment delays (138.9 days avg),0.1428571428571428,138.89285714285714,0.6676456243957116,0.05755395683453238
INV_0665,EXP_022,UAE,24974.39,53.21,Medium,Risk Drivers: High-risk importer country (UAE),0.12,96.52,0.3278627795940951,0.13286713286713286
INV_0666,EXP_031,France,127157.73,11.81,Low,Standard risk profile. No major red flags.,0.0,2.473684210526316,1.4748020855462132,0.05755395683453238
INV_0667,EXP_031,USA,147172.64,20.34,Low,Standard risk profile. No major red flags.,0.0,2.473684210526316,1.7069392195609503,0.10714285714285714
INV_0668,EXP_044,USA,5082.87,55.27,Medium,Risk Drivers: Frequent payment delays (112.9 days avg),0.1428571428571428,112.92857142857144,0.0841036432244546,0.10714285714285714
INV_0669,EXP_021,France,14056.27,10.39,Low,Standard risk profile. No major red flags.,0.0476190476190476,4.238095238095238,0.1865501160784118,0.05755395683453238
INV_0670,EXP_031,France,140299.44,13.09,Low,Standard risk profile. No major red flags.,0.0,2.473684210526316,1.6272224009737026,0.05755395683453238
INV_0671,EXP_026,Singapore,91343.71,40.39,Medium,Standard risk profile. No major red flags.,0.0833333333333333,64.125,1.1842065044001535,0.08196721311475409
INV_0672,EXP_037,USA,21332.0,47.51,Medium,Standard risk profile. No major red flags.,0.1363636363636363,70.45454545454545,0.2864415328650344,0.10714285714285714
INV_0673,EXP_013,USA,81497.3,59.56,Medium,Risk Drivers: High historical default rate (15.8%),0.1578947368421052,72.26315789473684,1.193849779146665,0.10714285714285714
INV_0674,EXP_041,USA,111256.47,62.18,Medium,Risk Drivers: Frequent payment delays (119.2 days avg),0.1176470588235294,119.17647058823528,1.3343800355365747,0.10714285714285714
INV_0675,EXP_003,UAE,69766.01,18.18,Low,Risk Drivers: High-risk importer country (UAE),0.0,8.619047619047619,0.8998104318460053,0.13286713286713286
INV_0676,EXP_037,Singapore,148972.45,58.54,Medium,Risk Drivers: Unusual invoice amount (high volatility),0.1363636363636363,70.45454545454545,2.0003701918554144,0.08196721311475409
INV_0677,EXP_022,Germany,93996.25,51.52,Medium,Standard risk profile. No major red flags.,0.12,96.52,1.2339789599033837,0.06289308176100629
INV_0678,EXP_018,Germany,48705.8,4.48,Low,Standard risk profile. No major red flags.,0.0,3.473684210526316,0.4934059506138504,0.06289308176100629
INV_0679,EXP_001,Germany,132693.39,62.4,Medium,Risk Drivers: Frequent payment delays (114.1 days avg),0.1363636363636363,114.0909090909091,1.755312191396548,0.06289308176100629
INV_0680,EXP_037,Singapore,37639.77,46.0,Medium,Standard risk profile. No major red flags.,0.1363636363636363,70.45454545454545,0.5054187800247204,0.08196721311475409
INV_0681,EXP_036,Germany,36553.57,47.82,Medium,Standard risk profile. No major red flags.,0.1333333333333333,99.1,0.4308294210194522,0.06289308176100629
INV_0682,EXP_047,France,136353.81,30.58,Medium,Standard risk profile. No major red flags.,0.0526315789473684,48.05263157894737,1.4677178733769316,0.05755395683453238
INV_0683,EXP_013,UK,116605.06,61.87,Medium,Risk Drivers: High historical default rate (15.8%),0.1578947368421052,72.26315789473684,1.7081415596391978,0.09210526315789473
INV_0684,EXP_030,Singapore,135518.13,45.89,Medium,Standard risk profile. No major red flags.,0.1,52.5,1.7311833362822322,0.08196721311475409
INV_0685,EXP_012,Germany,121449.36,11.17,Low,Standard risk profile. No major red flags.,0.0,3.3157894736842106,1.294692241047016,0.06289308176100629
INV_0686,EXP_019,Singapore,7766.29,57.06,Medium,Risk Drivers: High historical default rate (19.0%),0.1904761904761904,91.47619047619048,0.1122441282703045,0.08196721311475409
INV_0687,EXP_029,Germany,118103.08,48.66,Medium,Standard risk profile. No major red flags.,0.0833333333333333,101.25,1.614709616427371,0.06289308176100629
INV_0688,EXP_009,UK,76924.3,25.3,Low,Standard risk profile. No major red flags.,0.0526315789473684,22.157894736842103,0.8895429592190043,0.09210526315789473
INV_0689,EXP_030,UAE,126217.58,51.65,Medium,Risk Drivers: High-risk importer country (UAE),0.1,52.5,1.6123729809573784,0.13286713286713286
INV_0690,EXP_049,Canada,16493.45,25.85,Low,Standard risk profile. No major red flags.,0.0588235294117647,65.88235294117646,0.2802731354272336,0.06206896551724138
INV_0691,EXP_001,France,31673.46,50.49,Medium,Risk Drivers: Frequent payment delays (114.1 days avg),0.1363636363636363,114.0909090909091,0.4189870383273115,0.05755395683453238
INV_0692,EXP_015,UAE,133754.94,41.35,Medium,Risk Drivers: High-risk importer country (UAE),0.0476190476190476,47.714285714285715,1.6805992990512872,0.13286713286713286
INV_0693,EXP_045,UK,106391.75,39.22,Medium,Standard risk profile. No major red flags.,0.0555555555555555,46.94444444444444,1.9102381392438776,0.09210526315789473
INV_0694,EXP_004,UK,100725.07,44.55,Medium,Standard risk profile. No major red flags.,0.1111111111111111,48.629629629629626,1.248360274989537,0.09210526315789473
INV_0695,EXP_042,Germany,137549.78,49.9,Medium,Standard risk profile. No major red flags.,0.1,82.05,1.8283295862375195,0.06289308176100629
INV_0696,EXP_037,Singapore,66254.4,49.22,Medium,Standard risk profile. No major red flags.,0.1363636363636363,70.45454545454545,0.8896499107000345,0.08196721311475409
INV_0697,EXP_047,USA,145469.52,37.99,Medium,Standard risk profile. No major red flags.,0.0526315789473684,48.05263157894737,1.5658397410058655,0.10714285714285714
INV_0698,EXP_048,Canada,23846.06,34.03,Medium,Standard risk profile. No major red flags.,0.0909090909090909,75.72727272727273,0.3009226319794166,0.06206896551724138
INV_0699,EXP_004,USA,55343.56,41.83,Medium,Standard risk profile. No major red flags.,0.1111111111111111,48.629629629629626,0.6859136636043037,0.10714285714285714
INV_0700,EXP_047,Germany,42257.43,22.79,Low,Standard risk profile. No major red flags.,0.0526315789473684,48.05263157894737,0.4548606694156514,0.06289308176100629
INV_0701,EXP_049,Singapore,50755.21,33.38,Medium,Standard risk profile. No major red flags.,0.0588235294117647,65.88235294117646,0.8624830975913277,0.08196721311475409
INV_0702,EXP_045,Canada,57977.04,27.94,Low,Standard risk profile. No major red flags.,0.0555555555555555,46.94444444444444,1.0409637308199915,0.06206896551724138
INV_0703,EXP_031,UK,65639.01,10.41,Low,Standard risk profile. No major red flags.,0.0,2.473684210526316,0.7612950375977043,0.09210526315789473
INV_0704,EXP_036,Germany,39609.33,48.12,Medium,Standard risk profile. No major red flags.,0.1333333333333333,99.1,0.4668453645120961,0.06289308176100629
INV_0705,EXP_017,Canada,102303.64,39.3,Medium,Standard risk profile. No major red flags.,0.0869565217391304,66.95652173913044,1.2218674535499046,0.06206896551724138
INV_0706,EXP_018,UK,80523.5,11.06,Low,Standard risk profile. No major red flags.,0.0,3.473684210526316,0.8157298322633934,0.09210526315789473
INV_0707,EXP_003,Germany,121567.83,14.49,Low,Standard risk profile. No major red flags.,0.0,8.619047619047619,1.5679268688417436,0.06289308176100629
INV_0708,EXP_035,France,111636.58,32.73,Medium,Standard risk profile. No major red flags.,0.074074074074074,49.51851851851852,1.2046505713309128,0.05755395683453238
INV_0709,EXP_019,UK,53873.26,63.99,Medium,Risk Drivers: High historical default rate (19.0%),0.1904761904761904,91.47619047619048,0.7786159293278345,0.09210526315789473
INV_0710,EXP_024,France,105615.77,79.64,High,Risk Drivers: High historical default rate (21.1%); Frequent payment delays (157.2 days avg),0.2105263157894736,157.21052631578948,1.2185189570027166,0.05755395683453238
INV_0711,EXP_032,Canada,19554.82,16.12,Low,Standard risk profile. No major red flags.,0.0476190476190476,28.714285714285715,0.2328047197520246,0.06206896551724138
INV_0712,EXP_030,Canada,114264.46,40.97,Medium,Standard risk profile. No major red flags.,0.1,52.5,1.4596772334542076,0.06206896551724138
INV_0713,EXP_010,Singapore,116158.06,27.43,Low,Standard risk profile. No major red flags.,0.0357142857142857,35.714285714285715,1.3736484220743794,0.08196721311475409
INV_0714,EXP_029,Germany,84726.77,44.83,Medium,Standard risk profile. No major red flags.,0.0833333333333333,101.25,1.1583874890293302,0.06289308176100629
INV_0715,EXP_022,UAE,104449.34,61.96,Medium,Risk Drivers: High-risk importer country (UAE),0.12,96.52,1.3712067017119818,0.13286713286713286
INV_0716,EXP_015,UK,139192.26,36.51,Medium,Standard risk profile. No major red flags.,0.0476190476190476,47.714285714285715,1.7489179434371884,0.09210526315789473
INV_0717,EXP_004,Germany,83742.33,38.91,Medium,Standard risk profile. No major red flags.,0.1111111111111111,48.629629629629626,1.0378806200587851,0.06289308176100629
INV_0718,EXP_018,UAE,76672.52,16.15,Low,Risk Drivers: High-risk importer country (UAE),0.0,3.473684210526316,0.7767181242595227,0.13286713286713286
INV_0719,EXP_006,UAE,23695.95,26.37,Low,Risk Drivers: High-risk importer country (UAE),0.0555555555555555,20.61111111111111,0.3414037929768649,0.13286713286713286
INV_0720,EXP_024,Germany,28319.62,72.87,High,Risk Drivers: High historical default rate (21.1%); Frequent payment delays (157.2 days avg),0.2105263157894736,157.21052631578948,0.3267314514216321,0.06289308176100629
INV_0721,EXP_001,UK,104977.19,63.21,Medium,Risk Drivers: Frequent payment delays (114.1 days avg),0.1363636363636363,114.0909090909091,1.388673101392253,0.09210526315789473
INV_0722,EXP_022,USA,47052.81,52.23,Medium,Standard risk profile. No major red flags.,0.12,96.52,0.6177073824150593,0.10714285714285714
INV_0723,EXP_017,France,82169.97,36.68,Medium,Standard risk profile. No major red flags.,0.0869565217391304,66.95652173913044,0.9814001926243489,0.05755395683453238
INV_0724,EXP_018,UK,102323.3,12.91,Low,Standard risk profile. No major red flags.,0.0,3.473684210526316,1.03656905556312,0.09210526315789473
INV_0725,EXP_048,UK,71294.43,43.04,Medium,Standard risk profile. No major red flags.,0.0909090909090909,75.72727272727273,0.8996919206389768,0.09210526315789473
INV_0726,EXP_034,UAE,17803.32,36.25,Medium,Risk Drivers: High-risk importer country (UAE),0.0769230769230769,55.46153846153846,0.230203188939035,0.13286713286713286
INV_0727,EXP_004,UAE,87179.23,48.55,Medium,Risk Drivers: High-risk importer country (UAE),0.1111111111111111,48.629629629629626,1.0804766632197536,0.13286713286713286
INV_0728,EXP_049,Canada,77879.18,34.6,Medium,Standard risk profile. No major red flags.,0.0588235294117647,65.88235294117646,1.323400620434288,0.06206896551724138
INV_0729,EXP_023,France,69366.77,60.62,Medium,Risk Drivers: Frequent payment delays (138.9 days avg),0.1428571428571428,138.89285714285714,0.9064298642552518,0.05755395683453238
INV_0730,EXP_044,UK,71162.74,62.45,Medium,Risk Drivers: Frequent payment delays (112.9 days avg),0.1428571428571428,112.92857142857144,1.1774933641495111,0.09210526315789473
INV_0731,EXP_016,Canada,31785.97,3.75,Low,Standard risk profile. No major red flags.,0.0,3.5,0.4184029591626201,0.06206896551724138
INV_0732,EXP_030,France,145513.62,43.72,Medium,Standard risk profile. No major red flags.,0.1,52.5,1.8588712384542565,0.05755395683453238
INV_0733,EXP_028,Germany,89666.95,43.61,Medium,Standard risk profile. No major red flags.,0.1052631578947368,83.57894736842105,0.9233213105572238,0.06289308176100629
INV_0734,EXP_007,Singapore,44472.82,66.53,Medium,Risk Drivers: High historical default rate (19.0%); Frequent payment delays (113.3 days avg),0.1904761904761904,113.28571428571428,0.7379005226019506,0.08196721311475409
INV_0735,EXP_031,Singapore,63495.26,8.86,Low,Standard risk profile. No major red flags.,0.0,2.473684210526316,0.7364313744064089,0.08196721311475409
INV_0736,EXP_023,Germany,58394.68,60.12,Medium,Risk Drivers: Frequent payment delays (138.9 days avg),0.1428571428571428,138.89285714285714,0.7630553053807878,0.06289308176100629
INV_0737,EXP_014,Germany,120020.8,23.18,Low,Standard risk profile. No major red flags.,0.0416666666666666,21.25,1.3682087765290376,0.06289308176100629
INV_0738,EXP_042,USA,45331.51,45.49,Medium,Standard risk profile. No major red flags.,0.1,82.05,0.6025523335756843,0.10714285714285714
INV_0739,EXP_035,UAE,29891.38,35.33,Medium,Risk Drivers: High-risk importer country (UAE),0.074074074074074,49.51851851851852,0.3225525897951139,0.13286713286713286
INV_0740,EXP_047,USA,136011.51,37.13,Medium,Standard risk profile. No major red flags.,0.0526315789473684,48.05263157894737,1.4640333424638834,0.10714285714285714
INV_0741,EXP_027,UK,100729.84,35.95,Medium,Standard risk profile. No major red flags.,0.0588235294117647,60.11764705882353,1.1422979388000405,0.09210526315789473
INV_0742,EXP_046,Germany,68306.86,57.84,Medium,Risk Drivers: High historical default rate (15.8%),0.1578947368421052,103.63157894736842,0.9655140044502624,0.06289308176100629
INV_0743,EXP_030,France,11147.85,29.33,Low,Standard risk profile. No major red flags.,0.1,52.5,0.1424087843845977,0.05755395683453238
INV_0744,EXP_028,Singapore,38057.75,41.68,Medium,Standard risk profile. No major red flags.,0.1052631578947368,83.57894736842105,0.3918894487529595,0.08196721311475409
INV_0745,EXP_024,France,15819.76,70.95,High,Risk Drivers: High historical default rate (21.1%); Frequent payment delays (157.2 days avg),0.2105263157894736,157.21052631578948,0.182517037514694,0.05755395683453238
INV_0746,EXP_010,Canada,55244.13,18.74,Low,Standard risk profile. No major red flags.,0.0357142857142857,35.714285714285715,0.6532995816508289,0.06206896551724138
INV_0747,EXP_043,Germany,130485.14,46.38,Medium,Risk Drivers: High historical default rate (15.0%),0.15,30.0,1.4779080227304582,0.06289308176100629
INV_0748,EXP_026,Singapore,119009.64,43.4,Medium,Standard risk profile. No major red flags.,0.0833333333333333,64.125,1.54287569198055,0.08196721311475409
INV_0749,EXP_012,UAE,102588.42,18.77,Low,Risk Drivers: High-risk importer country (UAE),0.0,3.3157894736842106,1.0936280882441252,0.13286713286713286
INV_0750,EXP_031,Canada,127155.39,12.41,Low,Standard risk profile. No major red flags.,0.0,2.473684210526316,1.4747749457342634,0.06206896551724138
INV_0751,EXP_017,France,115979.14,40.07,Medium,Standard risk profile. No major red flags.,0.0869565217391304,66.95652173913044,1.3852013130393783,0.05755395683453238
INV_0752,EXP_017,UAE,111534.06,49.63,Medium,Risk Drivers: High-risk importer country (UAE),0.0869565217391304,66.95652173913044,1.3321113293357134,0.13286713286713286
INV_0753,EXP_030,UAE,136912.07,52.8,Medium,Risk Drivers: High-risk importer country (UAE),0.1,52.5,1.7489902946558258,0.13286713286713286
INV_0754,EXP_041,Singapore,6244.69,48.27,Medium,Risk Drivers: Frequent payment delays (119.2 days avg),0.1176470588235294,119.17647058823528,0.0748971243120952,0.08196721311475409
INV_0755,EXP_049,Canada,18128.52,26.08,Low,Standard risk profile. No major red flags.,0.0588235294117647,65.88235294117646,0.3080578739472526,0.06206896551724138
INV_0756,EXP_050,Canada,40786.59,53.95,Medium,Risk Drivers: Frequent payment delays (121.4 days avg),0.1428571428571428,121.42857142857144,0.4435870356136731,0.06206896551724138
INV_0757,EXP_009,France,103559.09,23.3,Low,Standard risk profile. No major red flags.,0.0526315789473684,22.157894736842103,1.197544330889292,0.05755395683453238
INV_0758,EXP_050,UK,143340.25,67.29,Medium,Risk Drivers: Frequent payment delays (121.4 days avg),0.1428571428571428,121.42857142857144,1.5589407347273407,0.09210526315789473
INV_0759,EXP_033,UAE,39302.88,45.08,Medium,Risk Drivers: High-risk importer country (UAE),0.0952380952380952,71.0,0.5091846528172832,0.13286713286713286
INV_0760,EXP_022,USA,143079.16,62.8,Medium,Standard risk profile. No major red flags.,0.12,96.52,1.8783374128292332,0.10714285714285714
INV_0761,EXP_036,France,59814.88,49.41,Medium,Standard risk profile. No major red flags.,0.1333333333333333,99.1,0.7049929765751475,0.05755395683453238
INV_0762,EXP_012,UK,100933.55,13.21,Low,Standard risk profile. No major red flags.,0.0,3.3157894736842106,1.0759866008872427,0.09210526315789473
INV_0763,EXP_005,France,122910.6,43.31,Medium,Standard risk profile. No major red flags.,0.0909090909090909,67.18181818181819,1.6761769115564955,0.05755395683453238
INV_0764,EXP_016,Canada,55902.05,6.41,Low,Standard risk profile. No major red flags.,0.0,3.5,0.735846134104347,0.06206896551724138
INV_0765,EXP_001,Singapore,21290.09,52.58,Medium,Risk Drivers: Frequent payment delays (114.1 days avg),0.1363636363636363,114.0909090909091,0.2816323747017822,0.08196721311475409
INV_0766,EXP_046,France,23531.42,51.83,Medium,Risk Drivers: High historical default rate (15.8%),0.1578947368421052,103.63157894736842,0.3326154291765276,0.05755395683453238
INV_0767,EXP_033,USA,146008.35,53.26,Medium,Standard risk profile. No major red flags.,0.0952380952380952,71.0,1.8915970280848216,0.10714285714285714
INV_0768,EXP_004,Canada,109470.04,41.47,Medium,Standard risk profile. No major red flags.,0.1111111111111111,48.629629629629626,1.3567431547827726,0.06206896551724138
INV_0769,EXP_042,UAE,98412.26,54.83,Medium,Risk Drivers: High-risk importer country (UAE),0.1,82.05,1.308108574266707,0.13286713286713286
INV_0770,EXP_031,Singapore,122291.56,14.58,Low,Standard risk profile. No major red flags.,0.0,2.473684210526316,1.418363222846931,0.08196721311475409
INV_0771,EXP_028,France,143458.5,47.54,Medium,Standard risk profile. No major red flags.,0.1052631578947368,83.57894736842105,1.4772253347590554,0.05755395683453238
INV_0772,EXP_026,Germany,148347.47,44.06,Medium,Standard risk profile. No major red flags.,0.0833333333333333,64.125,1.9232198789090855,0.06289308176100629
INV_0773,EXP_039,UK,29020.58,22.7,Low,Standard risk profile. No major red flags.,0.0416666666666666,40.833333333333336,0.3961702893442595,0.09210526315789473
INV_0774,EXP_025,Germany,99539.3,31.29,Medium,Standard risk profile. No major red flags.,0.0454545454545454,56.04545454545455,1.4465212533598857,0.06289308176100629
INV_0775,EXP_008,Canada,93913.13,24.36,Low,Standard risk profile. No major red flags.,0.0555555555555555,18.0,1.2822180919161763,0.06206896551724138
INV_0776,EXP_038,Singapore,84070.53,43.91,Medium,Standard risk profile. No major red flags.,0.1176470588235294,55.64705882352941,1.022554848189386,0.08196721311475409
INV_0777,EXP_022,UAE,61775.95,57.26,Medium,Risk Drivers: High-risk importer country (UAE),0.12,96.52,0.8109921675390606,0.13286713286713286
INV_0778,EXP_042,France,30087.63,37.21,Medium,Standard risk profile. No major red flags.,0.1,82.05,0.3999286956966967,0.05755395683453238
INV_0779,EXP_015,France,14138.66,18.74,Low,Standard risk profile. No major red flags.,0.0476190476190476,47.714285714285715,0.1776489308396719,0.05755395683453238
INV_0780,EXP_033,USA,25968.56,40.22,Medium,Standard risk profile. No major red flags.,0.0952380952380952,71.0,0.3364331623475121,0.10714285714285714
INV_0781,EXP_027,Canada,31164.1,25.35,Low,Standard risk profile. No major red flags.,0.0588235294117647,60.11764705882353,0.3534075621936691,0.06206896551724138
INV_0782,EXP_038,UAE,81608.44,50.42,Medium,Risk Drivers: High-risk importer country (UAE),0.1176470588235294,55.64705882352941,0.992608301329522,0.13286713286713286
INV_0783,EXP_014,USA,105184.75,27.63,Low,Standard risk profile. No major red flags.,0.0416666666666666,21.25,1.1990813101313496,0.10714285714285714
INV_0784,EXP_036,UK,108941.08,58.85,Medium,Standard risk profile. No major red flags.,0.1333333333333333,99.1,1.2840065258094853,0.09210526315789473
INV_0785,EXP_008,France,124314.53,27.24,Low,Standard risk profile. No major red flags.,0.0555555555555555,18.0,1.6972955693634773,0.05755395683453238
INV_0786,EXP_004,USA,135110.42,50.12,Medium,Standard risk profile. No major red flags.,0.1111111111111111,48.629629629629626,1.6745233442394418,0.10714285714285714
INV_0787,EXP_049,Canada,56488.89,31.55,Medium,Standard risk profile. No major red flags.,0.0588235294117647,65.88235294117646,0.9599155008263344,0.06206896551724138
INV_0788,EXP_036,Singapore,140509.35,60.62,Medium,Standard risk profile. No major red flags.,0.1333333333333333,99.1,1.6560779674411987,0.08196721311475409
INV_0789,EXP_007,UAE,139181.84,86.47,High,Risk Drivers: High historical default rate (19.0%); Frequent payment delays (113.3 days avg); Unusual invoice amount (high volatility); High-risk importer country (UAE),0.1904761904761904,113.28571428571428,2.30932853982952,0.13286713286713286
INV_0790,EXP_022,UK,15474.6,46.75,Medium,Standard risk profile. No major red flags.,0.12,96.52,0.2031499215439009,0.09210526315789473
INV_0791,EXP_048,USA,55882.36,43.4,Medium,Standard risk profile. No major red flags.,0.0909090909090909,75.72727272727273,0.7052010626670098,0.10714285714285714
INV_0792,EXP_015,USA,120492.74,36.53,Medium,Standard risk profile. No major red flags.,0.0476190476190476,47.714285714285715,1.5139628815561428,0.10714285714285714
INV_0793,EXP_016,Germany,62991.2,7.3,Low,Standard risk profile. No major red flags.,0.0,3.5,0.8291615603111825,0.06289308176100629
INV_0794,EXP_021,Germany,32371.15,13.14,Low,Standard risk profile. No major red flags.,0.0476190476190476,4.238095238095238,0.429619080317302,0.06289308176100629
INV_0795,EXP_020,UK,144635.64,35.71,Medium,Standard risk profile. No major red flags.,0.0555555555555555,34.611111111111114,1.776310616792976,0.09210526315789473
INV_0796,EXP_001,USA,77506.09,62.16,Medium,Risk Drivers: Frequent payment delays (114.1 days avg),0.1363636363636363,114.0909090909091,1.0252762755136338,0.10714285714285714
INV_0797,EXP_049,Singapore,144412.75,46.72,Medium,Risk Drivers: Unusual invoice amount (high volatility),0.0588235294117647,65.88235294117646,2.4540053317025388,0.08196721311475409
INV_0798,EXP_008,Singapore,101947.55,27.92,Low,Standard risk profile. No major red flags.,0.0555555555555555,18.0,1.3919139212645664,0.08196721311475409
INV_0799,EXP_025,Singapore,141667.28,38.96,Medium,Risk Drivers: Unusual invoice amount (high volatility),0.0454545454545454,56.04545454545455,2.058731892083688,0.08196721311475409
INV_0800,EXP_042,USA,35922.7,44.45,Medium,Standard risk profile. No major red flags.,0.1,82.05,0.4774892059262802,0.10714285714285714
INV_0801,EXP_001,France,111987.33,59.4,Medium,Risk Drivers: Frequent payment delays (114.1 days avg),0.1363636363636363,114.0909090909091,1.4814055593194837,0.05755395683453238
INV_0802,EXP_036,Canada,52591.6,49.29,Medium,Standard risk profile. No major red flags.,0.1333333333333333,99.1,0.6198576111303663,0.06206896551724138
INV_0803,EXP_036,Canada,22656.37,46.33,Medium,Standard risk profile. No major red flags.,0.1333333333333333,99.1,0.267033583026295,0.06206896551724138
INV_0804,EXP_032,USA,102906.15,30.43,Medium,Standard risk profile. No major red flags.,0.0476190476190476,28.714285714285715,1.225121858013002,0.10714285714285714
INV_0805,EXP_046,UAE,58979.26,66.03,Medium,Risk Drivers: High historical default rate (15.8%); High-risk importer country (UAE),0.1578947368421052,103.63157894736842,0.8336688511536496,0.13286713286713286
INV_0806,EXP_005,Canada,88770.75,40.0,Medium,Standard risk profile. No major red flags.,0.0909090909090909,67.18181818181819,1.2105992613456753,0.06206896551724138
INV_0807,EXP_048,USA,51116.43,42.9,Medium,Standard risk profile. No major red flags.,0.0909090909090909,75.72727272727273,0.6450579530954637,0.10714285714285714
INV_0808,EXP_012,Germany,139298.72,12.76,Low,Standard risk profile. No major red flags.,0.0,3.3157894736842106,1.484972600693662,0.06289308176100629
INV_0809,EXP_048,UK,115515.62,47.72,Medium,Standard risk profile. No major red flags.,0.0909090909090909,75.72727272727273,1.4577361796931712,0.09210526315789473
INV_0810,EXP_041,Germany,28460.71,47.97,Medium,Risk Drivers: Frequent payment delays (119.2 days avg),0.1176470588235294,119.17647058823528,0.3413500645957592,0.06289308176100629
INV_0811,EXP_008,Singapore,31586.17,19.86,Low,Standard risk profile. No major red flags.,0.0555555555555555,18.0,0.4312534214155142,0.08196721311475409
INV_0812,EXP_013,Germany,5914.85,44.4,Medium,Risk Drivers: High historical default rate (15.8%),0.1578947368421052,72.26315789473684,0.0866463351078581,0.06289308176100629
INV_0813,EXP_014,Germany,100850.92,21.34,Low,Standard risk profile. No major red flags.,0.0416666666666666,21.25,1.1496766715854905,0.06289308176100629
INV_0814,EXP_010,UAE,51221.38,27.74,Low,Risk Drivers: High-risk importer country (UAE),0.0357142857142857,35.714285714285715,0.6057278144407041,0.13286713286713286
INV_0815,EXP_034,UAE,23090.52,36.82,Medium,Risk Drivers: High-risk importer country (UAE),0.0769230769230769,55.46153846153846,0.2985685444209601,0.13286713286713286
INV_0816,EXP_046,Canada,33144.81,53.57,Medium,Risk Drivers: High historical default rate (15.8%),0.1578947368421052,103.63157894736842,0.468500209639897,0.06206896551724138
INV_0817,EXP_047,UK,83109.54,30.36,Medium,Standard risk profile. No major red flags.,0.0526315789473684,48.05263157894737,0.8945944180520883,0.09210526315789473
INV_0818,EXP_044,Germany,70261.26,58.44,Medium,Risk Drivers: Frequent payment delays (112.9 days avg),0.1428571428571428,112.92857142857144,1.1625770368985715,0.06289308176100629
INV_0819,EXP_030,UAE,22159.76,40.51,Medium,Risk Drivers: High-risk importer country (UAE),0.1,52.5,0.283080996232855,0.13286713286713286
INV_0820,EXP_050,UK,77041.04,61.24,Medium,Risk Drivers: Frequent payment delays (121.4 days avg),0.1428571428571428,121.42857142857144,0.8378833963367472,0.09210526315789473
INV_0821,EXP_026,France,26504.81,30.1,Medium,Standard risk profile. No major red flags.,0.0833333333333333,64.125,0.3436160891635585,0.05755395683453238
INV_0822,EXP_036,UAE,111507.86,64.52,Medium,Risk Drivers: High-risk importer country (UAE),0.1333333333333333,99.1,1.3142592300264555,0.13286713286713286
INV_0823,EXP_010,France,134204.8,25.97,Low,Standard risk profile. No major red flags.,0.0357142857142857,35.714285714285715,1.5870634526334864,0.05755395683453238
INV_0824,EXP_010,Canada,117793.31,24.95,Low,Standard risk profile. No major red flags.,0.0357142857142857,35.714285714285715,1.392986370574872,0.06206896551724138
INV_0825,EXP_039,Canada,80866.55,24.65,Low,Standard risk profile. No major red flags.,0.0416666666666666,40.833333333333336,1.1039381194921682,0.06206896551724138
INV_0826,EXP_048,Germany,69109.29,38.93,Medium,Standard risk profile. No major red flags.,0.0909090909090909,75.72727272727273,0.8721167958576291,0.06289308176100629
INV_0827,EXP_001,UK,57123.81,57.9,Medium,Risk Drivers: Frequent payment delays (114.1 days avg),0.1363636363636363,114.0909090909091,0.7556527127087493,0.09210526315789473
INV_0828,EXP_019,Canada,66279.82,61.51,Medium,Risk Drivers: High historical default rate (19.0%),0.1904761904761904,91.47619047619048,0.9579246484244984,0.06206896551724138
INV_0829,EXP_048,UK,147937.84,51.15,Medium,Standard risk profile. No major red flags.,0.0909090909090909,75.72727272727273,1.866884683765361,0.09210526315789473
INV_0830,EXP_047,Singapore,59340.3,26.87,Low,Standard risk profile. No major red flags.,0.0526315789473684,48.05263157894737,0.6387413664608942,0.08196721311475409
INV_0831,EXP_019,Germany,27463.91,56.91,Medium,Risk Drivers: High historical default rate (19.0%),0.1904761904761904,91.47619047619048,0.396928602568807,0.06289308176100629
INV_0832,EXP_009,UK,123234.94,29.79,Low,Standard risk profile. No major red flags.,0.0526315789473684,22.157894736842103,1.4250733930211446,0.09210526315789473
INV_0833,EXP_039,UK,17913.8,21.43,Low,Standard risk profile. No major red flags.,0.0416666666666666,40.833333333333336,0.2445476737286158,0.09210526315789473
INV_0834,EXP_010,France,43848.82,17.01,Low,Standard risk profile. No major red flags.,0.0357142857142857,35.714285714285715,0.518542255292689,0.05755395683453238
INV_0835,EXP_028,Singapore,72862.38,44.69,Medium,Standard risk profile. No major red flags.,0.1052631578947368,83.57894736842105,0.7502807689111591,0.08196721311475409
INV_0836,EXP_042,Canada,80309.26,43.41,Medium,Standard risk profile. No major red flags.,0.1,82.05,1.067481141059196,0.06206896551724138
INV_0837,EXP_003,UK,30455.43,8.51,Low,Standard risk profile. No major red flags.,0.0,8.619047619047619,0.3928003567977556,0.09210526315789473
INV_0838,EXP_005,Singapore,145163.61,49.09,Medium,Risk Drivers: Unusual invoice amount (high volatility),0.0909090909090909,67.18181818181819,1.9796493669398048,0.08196721311475409
INV_0839,EXP_044,France,7062.55,48.96,Medium,Risk Drivers: Frequent payment delays (112.9 days avg),0.1428571428571428,112.92857142857144,0.1168603929384131,0.05755395683453238
INV_0840,EXP_039,Germany,73408.89,23.9,Low,Standard risk profile. No major red flags.,0.0416666666666666,40.833333333333336,1.002130942653142,0.06289308176100629
INV_0841,EXP_006,USA,62365.95,27.63,Low,Standard risk profile. No major red flags.,0.0555555555555555,20.61111111111111,0.898548987595159,0.10714285714285714
INV_0842,EXP_046,Singapore,77569.78,61.48,Medium,Risk Drivers: High historical default rate (15.8%),0.1578947368421052,103.63157894736842,1.096444909224723,0.08196721311475409
INV_0843,EXP_030,UK,115576.35,45.1,Medium,Standard risk profile. No major red flags.,0.1,52.5,1.476436039873949,0.09210526315789473
INV_0844,EXP_027,Canada,115592.32,33.38,Medium,Standard risk profile. No major red flags.,0.0588235294117647,60.11764705882353,1.310841642130224,0.06206896551724138
INV_0845,EXP_044,Canada,20893.06,51.48,Medium,Risk Drivers: Frequent payment delays (112.9 days avg),0.1428571428571428,112.92857142857144,0.3457067491608331,0.06206896551724138
INV_0846,EXP_024,UK,118094.37,85.43,High,Risk Drivers: High historical default rate (21.1%); Frequent payment delays (157.2 days avg),0.2105263157894736,157.21052631578948,1.3624880882873165,0.09210526315789473
INV_0847,EXP_035,USA,61383.38,34.77,Medium,Standard risk profile. No major red flags.,0.074074074074074,49.51851851851852,0.6623771866463709,0.10714285714285714
INV_0848,EXP_029,Singapore,115485.82,50.89,Medium,Standard risk profile. No major red flags.,0.0833333333333333,101.25,1.5789263422681308,0.08196721311475409
INV_0849,EXP_002,Singapore,44910.99,27.47,Low,Standard risk profile. No major red flags.,0.0625,45.8125,0.5390449352418806,0.08196721311475409
INV_0850,EXP_048,Germany,121915.43,44.52,Medium,Standard risk profile. No major red flags.,0.0909090909090909,75.72727272727273,1.538497851406158,0.06289308176100629
INV_0851,EXP_026,Canada,69776.99,35.4,Medium,Standard risk profile. No major red flags.,0.0833333333333333,64.125,0.9046092545996268,0.06206896551724138
INV_0852,EXP_004,USA,116550.33,48.19,Medium,Standard risk profile. No major red flags.,0.1111111111111111,48.629629629629626,1.444494424366459,0.10714285714285714
INV_0853,EXP_010,UAE,10092.22,23.67,Low,Risk Drivers: High-risk importer country (UAE),0.0357142857142857,35.714285714285715,0.1193473967990468,0.13286713286713286
INV_0854,EXP_006,UAE,59690.04,30.72,Medium,Risk Drivers: High-risk importer country (UAE),0.0555555555555555,20.61111111111111,0.859995318142585,0.13286713286713286
INV_0855,EXP_044,UAE,43226.78,63.98,Medium,Risk Drivers: Frequent payment delays (112.9 days avg); High-risk importer country (UAE),0.1428571428571428,112.92857142857144,0.7152513605230884,0.13286713286713286
INV_0856,EXP_014,USA,98435.79,26.99,Low,Standard risk profile. No major red flags.,0.0416666666666666,21.25,1.1221447599296894,0.10714285714285714
INV_0857,EXP_042,UK,127145.11,52.62,Medium,Standard risk profile. No major red flags.,0.1,82.05,1.6900293577963117,0.09210526315789473
INV_0858,EXP_005,Singapore,31336.62,36.07,Medium,Standard risk profile. No major red flags.,0.0909090909090909,67.18181818181819,0.4273489750291634,0.08196721311475409
INV_0859,EXP_043,USA,84733.9,47.91,Medium,Risk Drivers: High historical default rate (15.0%),0.15,30.0,0.9597177932080264,0.10714285714285714
INV_0860,EXP_013,UK,75236.86,56.79,Medium,Risk Drivers: High historical default rate (15.8%),0.1578947368421052,72.26315789473684,1.1021409138055929,0.09210526315789473
INV_0861,EXP_022,UAE,147548.24,66.71,Medium,Risk Drivers: High-risk importer country (UAE),0.12,96.52,1.9370073139170425,0.13286713286713286
INV_0862,EXP_040,UAE,141723.56,21.78,Low,Risk Drivers: High-risk importer country (UAE),0.0,2.375,1.4733646128258189,0.13286713286713286
INV_0863,EXP_022,Germany,132133.85,55.72,Medium,Standard risk profile. No major red flags.,0.12,96.52,1.7346478268125558,0.06289308176100629
INV_0864,EXP_005,France,121392.49,43.13,Medium,Standard risk profile. No major red flags.,0.0909090909090909,67.18181818181819,1.655473888943287,0.05755395683453238
INV_0865,EXP_043,Canada,94165.24,42.82,Medium,Risk Drivers: High historical default rate (15.0%),0.15,30.0,1.0665395588979638,0.06206896551724138
INV_0866,EXP_007,UAE,50401.65,74.11,High,Risk Drivers: High historical default rate (19.0%); Frequent payment delays (113.3 days avg); High-risk importer country (UAE),0.1904761904761904,113.28571428571428,0.8362726689020531,0.13286713286713286
INV_0867,EXP_008,Germany,91694.17,24.21,Low,Standard risk profile. No major red flags.,0.0555555555555555,18.0,1.2519221081997531,0.06289308176100629
INV_0868,EXP_038,USA,81132.72,46.95,Medium,Standard risk profile. No major red flags.,0.1176470588235294,55.64705882352941,0.9868220907230152,0.10714285714285714
INV_0869,EXP_027,Germany,127753.66,34.64,Medium,Standard risk profile. No major red flags.,0.0588235294117647,60.11764705882353,1.4487538398965114,0.06289308176100629
INV_0870,EXP_020,Germany,149734.21,32.35,Medium,Standard risk profile. No major red flags.,0.0555555555555555,34.611111111111114,1.838927576357452,0.06289308176100629
INV_0871,EXP_014,Singapore,135474.52,27.19,Low,Standard risk profile. No major red flags.,0.0416666666666666,21.25,1.544377535061078,0.08196721311475409
INV_0872,EXP_006,UAE,6475.5,24.29,Low,Risk Drivers: High-risk importer country (UAE),0.0555555555555555,20.61111111111111,0.0932969668412403,0.13286713286713286
INV_0873,EXP_025,UK,59176.88,30.25,Medium,Standard risk profile. No major red flags.,0.0454545454545454,56.04545454545455,0.8599680189385253,0.09210526315789473
INV_0874,EXP_032,UAE,149019.55,38.45,Medium,Risk Drivers: High-risk importer country (UAE),0.0476190476190476,28.714285714285715,1.77411270343183,0.13286713286713286
INV_0875,EXP_021,France,81982.55,17.95,Low,Standard risk profile. No major red flags.,0.0476190476190476,4.238095238095238,1.0880449947891015,0.05755395683453238
INV_0876,EXP_019,UK,60324.71,64.77,Medium,Risk Drivers: High historical default rate (19.0%),0.1904761904761904,91.47619047619048,0.8718570240242026,0.09210526315789473
INV_0877,EXP_014,Singapore,10675.16,15.26,Low,Standard risk profile. No major red flags.,0.0416666666666666,21.25,0.1216943030112423,0.08196721311475409
INV_0878,EXP_041,UK,135391.32,62.61,Medium,Risk Drivers: Frequent payment delays (119.2 days avg),0.1176470588235294,119.17647058823528,1.6238469043008803,0.09210526315789473
INV_0879,EXP_026,Germany,42591.52,32.56,Medium,Standard risk profile. No major red flags.,0.0833333333333333,64.125,0.5521688906251916,0.06289308176100629
INV_0880,EXP_022,USA,28433.38,50.18,Medium,Standard risk profile. No major red flags.,0.12,96.52,0.3732722601054581,0.10714285714285714
INV_0881,EXP_010,UK,73055.48,24.5,Low,Standard risk profile. No major red flags.,0.0357142857142857,35.714285714285715,0.8639309646346227,0.09210526315789473
INV_0882,EXP_017,UAE,38054.73,42.27,Medium,Risk Drivers: High-risk importer country (UAE),0.0869565217391304,66.95652173913044,0.4545081293356635,0.13286713286713286
INV_0883,EXP_026,Canada,67277.97,35.13,Medium,Standard risk profile. No major red flags.,0.0833333333333333,64.125,0.8722112302734188,0.06206896551724138
INV_0884,EXP_031,UK,95827.21,13.35,Low,Standard risk profile. No major red flags.,0.0,2.473684210526316,1.1114241278141326,0.09210526315789473
INV_0885,EXP_030,France,89788.73,37.75,Medium,Standard risk profile. No major red flags.,0.1,52.5,1.1470107590913816,0.05755395683453238
INV_0886,EXP_024,UK,104244.88,84.09,High,Risk Drivers: High historical default rate (21.1%); Frequent payment delays (157.2 days avg),0.2105263157894736,157.21052631578948,1.2027026120291824,0.09210526315789473
INV_0887,EXP_032,UAE,96135.33,33.17,Medium,Risk Drivers: High-risk importer country (UAE),0.0476190476190476,28.714285714285715,1.1445136574470338,0.13286713286713286
INV_0888,EXP_039,UK,146338.76,36.13,Medium,Risk Drivers: Unusual invoice amount (high volatility),0.0416666666666666,40.833333333333336,1.9977226124178136,0.09210526315789473
INV_0889,EXP_046,Singapore,120598.27,66.58,Medium,Risk Drivers: High historical default rate (15.8%),0.1578947368421052,103.63157894736842,1.704650434780254,0.08196721311475409
INV_0890,EXP_005,France,135411.62,44.74,Medium,Standard risk profile. No major red flags.,0.0909090909090909,67.18181818181819,1.8466579042040456,0.05755395683453238
INV_0891,EXP_044,France,120886.27,64.76,Medium,Risk Drivers: Frequent payment delays (112.9 days avg); Unusual invoice amount (high volatility),0.1428571428571428,112.92857142857144,2.0002431151721547,0.05755395683453238
INV_0892,EXP_020,France,59225.53,22.32,Low,Standard risk profile. No major red flags.,0.0555555555555555,34.611111111111114,0.7273652449990258,0.05755395683453238
INV_0893,EXP_046,USA,40847.83,60.47,Medium,Risk Drivers: High historical default rate (15.8%),0.1578947368421052,103.63157894736842,0.5773820069668487,0.10714285714285714
INV_0894,EXP_004,Singapore,58245.72,38.79,Medium,Standard risk profile. No major red flags.,0.1111111111111111,48.629629629629626,0.7218822785247365,0.08196721311475409
INV_0895,EXP_024,UK,125402.35,86.14,High,Risk Drivers: High historical default rate (21.1%); Frequent payment delays (157.2 days avg),0.2105263157894736,157.21052631578948,1.446802316810166,0.09210526315789473
INV_0896,EXP_007,USA,60765.83,72.14,High,Risk Drivers: High historical default rate (19.0%); Frequent payment delays (113.3 days avg),0.1904761904761904,113.28571428571428,1.008236889707945,0.10714285714285714
INV_0897,EXP_050,Singapore,59243.7,58.27,Medium,Risk Drivers: Frequent payment delays (121.4 days avg),0.1428571428571428,121.42857142857144,0.6443229812000897,0.08196721311475409
INV_0898,EXP_034,Singapore,143699.96,43.15,Medium,Standard risk profile. No major red flags.,0.0769230769230769,55.46153846153846,1.8580910213607225,0.08196721311475409
INV_0899,EXP_039,USA,111425.13,34.13,Medium,Standard risk profile. No major red flags.,0.0416666666666666,40.833333333333336,1.521104195447566,0.10714285714285714
INV_0900,EXP_041,Germany,44832.89,49.62,Medium,Risk Drivers: Frequent payment delays (119.2 days avg),0.1176470588235294,119.17647058823528,0.5377135671427229,0.06289308176100629
INV_0901,EXP_049,Germany,92178.73,36.75,Medium,Standard risk profile. No major red flags.,0.0588235294117647,65.88235294117646,1.5663928211987428,0.06289308176100629
INV_0902,EXP_022,USA,15353.48,48.74,Medium,Standard risk profile. No major red flags.,0.12,96.52,0.2015598630934468,0.10714285714285714
INV_0903,EXP_027,Germany,137505.59,35.57,Medium,Standard risk profile. No major red flags.,0.0588235294117647,60.11764705882353,1.5593428127204756,0.06289308176100629
INV_0904,EXP_017,Singapore,144653.79,46.18,Medium,Standard risk profile. No major red flags.,0.0869565217391304,66.95652173913044,1.7276780966311918,0.08196721311475409
INV_0905,EXP_026,France,127239.91,41.05,Medium,Standard risk profile. No major red flags.,0.0833333333333333,64.125,1.6495753133006108,0.05755395683453238
INV_0906,EXP_045,UK,92352.92,37.1,Medium,Standard risk profile. No major red flags.,0.0555555555555555,46.94444444444444,1.6581743420381625,0.09210526315789473
INV_0907,EXP_036,Singapore,64963.3,53.16,Medium,Standard risk profile. No major red flags.,0.1333333333333333,99.1,0.7656735286461208,0.08196721311475409
INV_0908,EXP_003,UK,99448.71,15.97,Low,Standard risk profile. No major red flags.,0.0,8.619047619047619,1.2826444667199424,0.09210526315789473
INV_0909,EXP_023,UK,71251.25,65.41,Medium,Risk Drivers: Frequent payment delays (138.9 days avg),0.1428571428571428,138.89285714285714,0.9310547523766352,0.09210526315789473
INV_0910,EXP_049,UAE,22328.2,36.08,Medium,Risk Drivers: High-risk importer country (UAE),0.0588235294117647,65.88235294117646,0.3794230208019765,0.13286713286713286
INV_0911,EXP_046,France,61972.49,56.38,Medium,Risk Drivers: High historical default rate (15.8%),0.1578947368421052,103.63157894736842,0.8759780055129724,0.05755395683453238
INV_0912,EXP_018,UK,142860.27,16.36,Low,Standard risk profile. No major red flags.,0.0,3.473684210526316,1.4472220418164023,0.09210526315789473
INV_0913,EXP_014,USA,109737.53,28.07,Low,Standard risk profile. No major red flags.,0.0416666666666666,21.25,1.2509819269711464,0.10714285714285714
INV_0914,EXP_026,UAE,19572.24,39.35,Medium,Risk Drivers: High-risk importer country (UAE),0.0833333333333333,64.125,0.2537402292252073,0.13286713286713286
INV_0915,EXP_018,UAE,88989.91,17.19,Low,Risk Drivers: High-risk importer country (UAE),0.0,3.473684210526316,0.9014973809811356,0.13286713286713286
INV_0916,EXP_050,Canada,104596.27,59.77,Medium,Risk Drivers: Frequent payment delays (121.4 days avg),0.1428571428571428,121.42857142857144,1.137568728975562,0.06206896551724138
INV_0917,EXP_017,UAE,35339.9,41.99,Medium,Risk Drivers: High-risk importer country (UAE),0.0869565217391304,66.95652173913044,0.4220834529612853,0.13286713286713286
INV_0918,EXP_034,Germany,41287.08,29.51,Low,Standard risk profile. No major red flags.,0.0769230769230769,55.46153846153846,0.5338564648605459,0.06289308176100629
INV_0919,EXP_049,USA,45029.29,35.9,Medium,Standard risk profile. No major red flags.,0.0588235294117647,65.88235294117646,0.7651825600078928,0.10714285714285714
INV_0920,EXP_027,Canada,21194.91,24.4,Low,Standard risk profile. No major red flags.,0.0588235294117647,60.11764705882353,0.2403548144825046,0.06206896551724138
INV_0921,EXP_041,UAE,57582.53,60.2,Medium,Risk Drivers: Frequent payment delays (119.2 days avg); High-risk importer country (UAE),0.1176470588235294,119.17647058823528,0.6906293038749645,0.13286713286713286
INV_0922,EXP_014,Singapore,109145.75,24.67,Low,Standard risk profile. No major red flags.,0.0416666666666666,21.25,1.2442357747227497,0.08196721311475409
INV_0923,EXP_015,UAE,83333.59,36.03,Medium,Risk Drivers: High-risk importer country (UAE),0.0476190476190476,47.714285714285715,1.047066919109136,0.13286713286713286
INV_0924,EXP_031,Canada,42810.86,4.2,Low,Standard risk profile. No major red flags.,0.0,2.473684210526316,0.4965293546214371,0.06206896551724138
INV_0925,EXP_021,USA,43711.98,20.28,Low,Standard risk profile. No major red flags.,0.0476190476190476,4.238095238095238,0.580130784555022,0.10714285714285714
INV_0926,EXP_021,Germany,97955.95,20.44,Low,Standard risk profile. No major red flags.,0.0476190476190476,4.238095238095238,1.300038619283146,0.06289308176100629
INV_0927,EXP_032,Singapore,115148.93,28.31,Low,Standard risk profile. No major red flags.,0.0476190476190476,28.714285714285715,1.3708750261263207,0.08196721311475409
INV_0928,EXP_003,Singapore,140575.8,19.08,Low,Standard risk profile. No major red flags.,0.0,8.619047619047619,1.8130830658811887,0.08196721311475409
INV_0929,EXP_033,UK,60521.87,41.97,Medium,Standard risk profile. No major red flags.,0.0952380952380952,71.0,0.7840852213324506,0.09210526315789473
INV_0930,EXP_039,USA,82232.12,30.79,Medium,Standard risk profile. No major red flags.,0.0416666666666666,40.833333333333336,1.1225800026667925,0.10714285714285714
INV_0931,EXP_030,Canada,103346.81,39.8,Medium,Standard risk profile. No major red flags.,0.1,52.5,1.3202091508341056,0.06206896551724138
INV_0932,EXP_011,Germany,13733.13,1.79,Low,Standard risk profile. No major red flags.,0.0,2.923076923076923,0.1856983221187013,0.06289308176100629
INV_0933,EXP_017,France,19795.75,30.44,Medium,Standard risk profile. No major red flags.,0.0869565217391304,66.95652173913044,0.2364313004269498,0.05755395683453238
INV_0934,EXP_010,Germany,127313.9,26.0,Low,Standard risk profile. No major red flags.,0.0357142857142857,35.714285714285715,1.5055738520696311,0.06289308176100629
INV_0935,EXP_016,Singapore,99961.81,13.91,Low,Standard risk profile. No major red flags.,0.0,3.5,1.3158106267404013,0.08196721311475409
INV_0936,EXP_030,USA,83360.55,43.65,Medium,Standard risk profile. No major red flags.,0.1,52.5,1.0648936423733255,0.10714285714285714
INV_0937,EXP_021,UAE,9165.64,19.85,Low,Risk Drivers: High-risk importer country (UAE),0.0476190476190476,4.238095238095238,0.1216433097779805,0.13286713286713286
INV_0938,EXP_040,Germany,126112.98,11.12,Low,Standard risk profile. No major red flags.,0.0,2.375,1.3110763090484758,0.06289308176100629
INV_0939,EXP_005,France,114044.78,42.29,Medium,Standard risk profile. No major red flags.,0.0909090909090909,67.18181818181819,1.555270473983041,0.05755395683453238
INV_0940,EXP_029,Canada,47794.14,40.49,Medium,Standard risk profile. No major red flags.,0.0833333333333333,101.25,0.6534432249089192,0.06206896551724138
INV_0941,EXP_033,Canada,65958.32,38.58,Medium,Standard risk profile. No major red flags.,0.0952380952380952,71.0,0.854516622436098,0.06206896551724138
INV_0942,EXP_037,Singapore,23324.0,44.39,Medium,Standard risk profile. No major red flags.,0.1363636363636363,70.45454545454545,0.3131896827556752,0.08196721311475409
INV_0943,EXP_029,Singapore,9553.76,38.75,Medium,Standard risk profile. No major red flags.,0.0833333333333333,101.25,0.1306193551009775,0.08196721311475409
INV_0944,EXP_029,Germany,60941.24,42.11,Medium,Standard risk profile. No major red flags.,0.0833333333333333,101.25,0.833190855522213,0.06289308176100629
INV_0945,EXP_023,Germany,95285.39,64.16,Medium,Risk Drivers: Frequent payment delays (138.9 days avg),0.1428571428571428,138.89285714285714,1.2451138077094943,0.06289308176100629
INV_0946,EXP_028,USA,84196.94,49.01,Medium,Standard risk profile. No major red flags.,0.1052631578947368,83.57894736842105,0.8669953532010171,0.10714285714285714
INV_0947,EXP_012,USA,125046.53,17.37,Low,Standard risk profile. No major red flags.,0.0,3.3157894736842106,1.3330393191108865,0.10714285714285714
INV_0948,EXP_015,UAE,88584.26,36.59,Medium,Risk Drivers: High-risk importer country (UAE),0.0476190476190476,47.714285714285715,1.1130403502328734,0.13286713286713286
INV_0949,EXP_006,Canada,14761.72,15.89,Low,Standard risk profile. No major red flags.,0.0555555555555555,20.61111111111111,0.2126822177993474,0.06206896551724138
INV_0950,EXP_014,Canada,63341.49,17.65,Low,Standard risk profile. No major red flags.,0.0416666666666666,21.25,0.7220780276120995,0.06206896551724138
INV_0951,EXP_024,Germany,139629.66,83.64,High,Risk Drivers: High historical default rate (21.1%); Frequent payment delays (157.2 days avg),0.2105263157894736,157.21052631578948,1.610946809078265,0.06289308176100629
INV_0952,EXP_020,UK,59412.36,26.93,Low,Standard risk profile. No major red flags.,0.0555555555555555,34.611111111111114,0.7296597563140477,0.09210526315789473
INV_0953,EXP_028,UAE,145867.94,57.75,Medium,Risk Drivers: High-risk importer country (UAE),0.1052631578947368,83.57894736842105,1.5020358953782025,0.13286713286713286
INV_0954,EXP_019,USA,67779.25,67.67,Medium,Risk Drivers: High historical default rate (19.0%),0.1904761904761904,91.47619047619048,0.97959551228,0.10714285714285714
INV_0955,EXP_022,Germany,66991.91,48.55,Medium,Standard risk profile. No major red flags.,0.12,96.52,0.8794670789924182,0.06289308176100629
INV_0956,EXP_011,Singapore,123895.47,16.82,Low,Standard risk profile. No major red flags.,0.0,2.923076923076923,1.6753049666833348,0.08196721311475409
INV_0957,EXP_002,France,97153.43,29.49,Low,Standard risk profile. No major red flags.,0.0625,45.8125,1.166085726074544,0.05755395683453238
INV_0958,EXP_023,France,52858.04,58.81,Medium,Risk Drivers: Frequent payment delays (138.9 days avg),0.1428571428571428,138.89285714285714,0.6907068906624696,0.05755395683453238
INV_0959,EXP_048,Canada,116007.16,43.78,Medium,Standard risk profile. No major red flags.,0.0909090909090909,75.72727272727273,1.4639391126105237,0.06206896551724138
INV_0960,EXP_027,Canada,71887.86,29.22,Low,Standard risk profile. No major red flags.,0.0588235294117647,60.11764705882353,0.8152237142712219,0.06206896551724138
INV_0961,EXP_028,UAE,14445.17,46.4,Medium,Risk Drivers: High-risk importer country (UAE),0.1052631578947368,83.57894736842105,0.1487452544736036,0.13286713286713286
INV_0962,EXP_037,Singapore,94959.91,52.45,Medium,Standard risk profile. No major red flags.,0.1363636363636363,70.45454545454545,1.2751013585751787,0.08196721311475409
INV_0963,EXP_025,USA,49188.17,31.03,Medium,Standard risk profile. No major red flags.,0.0454545454545454,56.04545454545455,0.714810465001051,0.10714285714285714
INV_0964,EXP_018,Singapore,130182.7,13.93,Low,Standard risk profile. No major red flags.,0.0,3.473684210526316,1.3187940419206277,0.08196721311475409
INV_0965,EXP_016,USA,89679.39,16.12,Low,Standard risk profile. No major red flags.,0.0,3.5,1.1804617619628623,0.10714285714285714
INV_0966,EXP_009,USA,91002.33,28.66,Low,Standard risk profile. No major red flags.,0.0526315789473684,22.157894736842103,1.052339532813745,0.10714285714285714
INV_0967,EXP_038,UK,115208.58,48.43,Medium,Standard risk profile. No major red flags.,0.1176470588235294,55.64705882352941,1.401288799202464,0.09210526315789473
INV_0968,EXP_035,Singapore,83626.66,33.44,Medium,Standard risk profile. No major red flags.,0.074074074074074,49.51851851851852,0.9024004833137668,0.08196721311475409
INV_0969,EXP_033,Germany,29130.66,34.69,Medium,Standard risk profile. No major red flags.,0.0952380952380952,71.0,0.3773994424438697,0.06289308176100629
INV_0970,EXP_004,Canada,36490.05,33.89,Medium,Standard risk profile. No major red flags.,0.1111111111111111,48.629629629629626,0.4522481726980379,0.06206896551724138
INV_0971,EXP_008,USA,100562.56,31.1,Medium,Standard risk profile. No major red flags.,0.0555555555555555,18.0,1.373004326460059,0.10714285714285714
INV_0972,EXP_027,UK,61733.95,32.24,Medium,Standard risk profile. No major red flags.,0.0588235294117647,60.11764705882353,0.7000762022354524,0.09210526315789473
INV_0973,EXP_008,USA,17466.54,21.59,Low,Standard risk profile. No major red flags.,0.0555555555555555,18.0,0.2384747861260461,0.10714285714285714
INV_0974,EXP_029,Singapore,89507.04,47.91,Medium,Standard risk profile. No major red flags.,0.0833333333333333,101.25,1.2237435147834363,0.08196721311475409
INV_0975,EXP_011,Germany,27201.37,3.32,Low,Standard risk profile. No major red flags.,0.0,2.923076923076923,0.3678148221366855,0.06289308176100629
INV_0976,EXP_025,UK,44127.53,28.42,Low,Standard risk profile. No major red flags.,0.0454545454545454,56.04545454545455,0.6412684236605637,0.09210526315789473
INV_0977,EXP_048,France,85514.12,39.95,Medium,Standard risk profile. No major red flags.,0.0909090909090909,75.72727272727273,1.0791356753192634,0.05755395683453238
INV_0978,EXP_021,Germany,96534.73,20.28,Low,Standard risk profile. No major red flags.,0.0476190476190476,4.238095238095238,1.2811766625924337,0.06289308176100629
INV_0979,EXP_006,Canada,63031.29,21.72,Low,Standard risk profile. No major red flags.,0.0555555555555555,20.61111111111111,0.9081349970026412,0.06206896551724138
INV_0980,EXP_017,USA,61268.94,41.18,Medium,Standard risk profile. No major red flags.,0.0869565217391304,66.95652173913044,0.7317679380665427,0.10714285714285714
INV_0981,EXP_002,USA,146931.68,41.09,Medium,Standard risk profile. No major red flags.,0.0625,45.8125,1.763550033757455,0.10714285714285714
INV_0982,EXP_021,Germany,12143.76,10.89,Low,Standard risk profile. No major red flags.,0.0476190476190476,4.238095238095238,0.1611679227581979,0.06289308176100629
INV_0983,EXP_031,Canada,29605.17,2.92,Low,Standard risk profile. No major red flags.,0.0,2.473684210526316,0.3433669857031121,0.06206896551724138
INV_0984,EXP_046,Germany,140818.94,66.44,Medium,Risk Drivers: High historical default rate (15.8%); Unusual invoice amount (high volatility),0.1578947368421052,103.63157894736842,1.9904685804887128,0.06289308176100629
INV_0985,EXP_034,France,96857.54,34.82,Medium,Standard risk profile. No major red flags.,0.0769230769230769,55.46153846153846,1.2524020565147478,0.05755395683453238
INV_0986,EXP_001,UAE,82189.0,66.09,Medium,Risk Drivers: Frequent payment delays (114.1 days avg); High-risk importer country (UAE),0.1363636363636363,114.0909090909091,1.0872233628117487,0.13286713286713286
INV_0987,EXP_011,France,84194.17,9.07,Low,Standard risk profile. No major red flags.,0.0,2.923076923076923,1.1384670574862907,0.05755395683453238
INV_0988,EXP_022,UK,95307.53,55.54,Medium,Standard risk profile. No major red flags.,0.12,96.52,1.251193390591226,0.09210526315789473
INV_0989,EXP_017,UAE,37977.3,42.26,Medium,Risk Drivers: High-risk importer country (UAE),0.0869565217391304,66.95652173913044,0.4535833411567838,0.13286713286713286
INV_0990,EXP_041,UK,12644.15,50.26,Medium,Risk Drivers: Frequent payment delays (119.2 days avg),0.1176470588235294,119.17647058823528,0.1516505181795699,0.09210526315789473
INV_0991,EXP_027,UK,114710.72,37.28,Medium,Standard risk profile. No major red flags.,0.0588235294117647,60.11764705882353,1.3008441094939551,0.09210526315789473
INV_0992,EXP_005,USA,22177.47,38.37,Medium,Standard risk profile. No major red flags.,0.0909090909090909,67.18181818181819,0.3024422887101424,0.10714285714285714
INV_0993,EXP_018,USA,139788.05,18.09,Low,Standard risk profile. No major red flags.,0.0,3.473684210526316,1.416099431581176,0.10714285714285714
INV_0994,EXP_005,Germany,6794.4,30.73,Medium,Standard risk profile. No major red flags.,0.0909090909090909,67.18181818181819,0.0926577236453117,0.06289308176100629
INV_0995,EXP_013,France,122269.73,57.98,Medium,Risk Drivers: High historical default rate (15.8%),0.1578947368421052,72.26315789473684,1.79112302072366,0.05755395683453238
INV_0996,EXP_004,Canada,52568.83,35.56,Medium,Standard risk profile. No major red flags.,0.1111111111111111,48.629629629629626,0.6515243829036627,0.06206896551724138
INV_0997,EXP_013,UAE,135812.18,69.65,Medium,Risk Drivers: High historical default rate (15.8%); Unusual invoice amount (high volatility); High-risk importer country (UAE),0.1578947368421052,72.26315789473684,1.989505678082919,0.13286713286713286
INV_0998,EXP_015,UK,35196.05,25.55,Low,Standard risk profile. No major red flags.,0.0476190476190476,47.714285714285715,0.4422300735911067,0.09210526315789473
INV_0999,EXP_007,UK,8367.15,62.85,Medium,Risk Drivers: High historical default rate (19.0%); Frequent payment delays (113.3 days avg),0.1904761904761904,113.28571428571428,0.1388291625691582,0.09210526315789473
INV_1000,EXP_032,USA,109898.86,31.13,Medium,Standard risk profile. No major red flags.,0.0476190476190476,28.714285714285715,1.3083717110853994,0.10714285714285714
